EREQ_CODE,EREQ_LEVEL,EREQ_PARENT_EQUIPMENT,EREQ_PARENT_LEVEL,EREQ_DESCRIPTION
B7284T0026-GRPROD-PO,3.0,B7284T0026-GRPROD,2.0,POUSSOIRS
LLK-AC-2350B-ETACOM,2.0,LLK-AC-2350B,1.0,Compresseur 40 bars TEMPO 2350 B
B7214T0007-FOURIR-CT,3.0,B7214T0007-FOURIR,2.0,SOUFFLEUSE SBO 20 SIDEL
B7214T0007-TRANSF-TP,3.0,B7214T0007-TRANSF,2.0,SOUFFLEUSE SBO 20 SIDEL
B8638T0038-CIREAU,2.0,B8638T0038,1.0,Refroidisseurs CTA 1/2 TRANE-FIORINI
B8654T0011,1.0,,,Armoire Climatisation CIAT 01
LLK-AC-2350A-ETACOM,2.0,LLK-AC-2350A,1.0,Compresseur 40 bars TEMPO 2350 A
B7210T8004,1.0,,,LAVEUSE BOUTEILLES(SDA)
B7252T0021-GRETIQ,2.0,B7252T0021,1.0,ETIQUETEUSE OPERA 300 SACMI
B7214T0008-RS-PS-14,4.0,B7214T0008-RS-PS,3.0,SOUFFLEUSE SBO 20 SIDEL
B7214T0013,1.0,,,SOUFFLEUSE
ELKS_UAP1-N-BS-PR,1.0,,,Nouvelle siroperie
B7217T0002,1.0,,,SOUTIREUSE
B7220T8001,1.0,,,MONOBLOC
B7222T8003,1.0,,,ROBOT DE CONDIT - ENCAISSEUSE -
B7252T0021-GRETIQ-HM,3.0,B7252T0021-GRETIQ,2.0,ETIQUETEUSE OPERA 300 SACMI
B8638T0056,1.0,,,GROUPE DE PRODUCTION EAU GLACE N°2
B3971T0052,2.0,B3972E5099-J01,1.0,POSTE MT-BT1
B7214T0008-RS-PS-04,4.0,B7214T0008-RS-PS,3.0,SOUFFLEUSE SBO 20 SIDEL
B7214T0007-RS-PS-20,4.0,B7214T0007-RS-PS,3.0,SOUFFLEUSE SBO 20 SIDEL
B7214T0013-S167,3.0,B7214T0013-S004,2.0,SOUFFLEUSE
B7214T8001,1.0,,,SOUFFLEUSE SBO 20 5767
B7216T8002,1.0,,,REMPLISSEUSE SF SELECT 140/15C
B7101T0158,2.0,B7228T0076,1.0,LIGNE DE PREPARATION JUS
B7252T8005,1.0,,,ETIQUETEUSE SACMI OPERA 300
B7272T8000,1.0,,,FARDELEUSE TSM 4 SDI
B7752T0112,1.0,,,TRANSPORTEUR A BANDE        TB21A
B7290T8001,1.0,,,HOUSSEUSE COMBI PAL 2000
B7759T8004,1.0,,,CONVOYEURS
B8654T0010,1.0,,,Armoire Climatisation CIAT 02
B9305T0001,1.0,,,BATIMENT
B3971T0051,2.0,B3972E5099-J03,1.0,POSTE MT-BT3
B7214T0007-RS-FR,3.0,B7214T0007-RS,2.0,SOUFFLEUSE SBO 20 SIDEL
B7217T0001,1.0,,,SOUTIREUSE
B7223T0001,1.0,,,BOUCHEUSE UNIMAC-GHERRI(SDA)
B7258T0007,1.0,,,CHECKMAT SORTIE ETIQUETEUSE
B7258T0009,1.0,,,INSPECTRICE DE BOCAL EBI(SDA)
B7270T0200-S004,2.0,B7270T0200,1.0,SLEEVEUSE
B7270T0200-S003,2.0,B7270T0200,1.0,SLEEVEUSE
B7284T0027-ARMELE,2.0,B7284T0027,1.0,PALETTISEUR P432-SCARA (P432-20) CERMEX
B7759T0023,1.0,,,CONVOYEURS BOCALES
DATA-CENTER-FRD,1.0,,,EQUIPEMENTS FROID ET CLIMATISATION DATA-CENTER
B7286T0023,1.0,,,BANDEROLEUSE SEMI AUTOMATIQUE
B7203T0001-S037,3.0,B7203T0001-S005,2.0,DEPALETTISEUR
B7214T0008-RS-PS-20,4.0,B7214T0008-RS-PS,3.0,SOUFFLEUSE SBO 20 SIDEL
B7252T0032,1.0,,,ETIQUETEUSE
B7270T0200,1.0,,,SLEEVEUSE
B7274T0001-CIRPNE,2.0,B7274T0001,1.0,POSEUSE DE POIGNEE M.E.T.E TWIN PACKS
B8638T0028,1.0,,,GROUPE FROID 2A014
LLK-AC-1850C-ARMELE,2.0,LLK-AC-1850C,1.0,Compresseur 40 bars TEMPO 1850 C
B6225T0001-S099,2.0,B6225T0001-S001,1.0,CUVERIE EXTERIEUR
B6225T0003-S065,2.0,B6225T0003-S006,1.0,TAMISEUR(SDA)
B7272T0015-ENTRAI-NA,3.0,B7272T0015-ENTRAI,2.0,FARDELEUSE TSM 4 SDI CERMEX-OC
B7272T0027,1.0,,,FARDELEUSE VARIOPAC PRO
B8525T0026,1.0,,,GROUPE-ELECTROGENE 400KVA
B6220T0001-S125,3.0,B6220T0001-S011,2.0,VMC  A(SDA)
B7101T0115-S002,3.0,B6225T0001-S096,2.0,CUVERIE EXTERIEUR
B7284T0027-MAGPAL-EF,3.0,B7284T0027-MAGPAL,2.0,PALETTISEUR P432-SCARA (P432-20) CERMEX
B7214T0010-RS-PS-05,4.0,B7214T0010-RS-PS,3.0,SOUFFLEUSE SBO 20 SIDEL
B3669T0022,1.0,,,COMPRESSEUR 7 BAR N°1
B7216T0013-BOUCHEUSE,2.0,B7216T0013,1.0,REMPLISSEUSE Combi SF SELECT BV 140/15C SIDEL FILLING/BOUCHEUSE TOURELLE  T15 / 540 ZALKIN
B7284T0029-MAGPAL,2.0,B7284T0029,1.0,PALETTISEUR P432-SCARA (P432-20) CERMEX
B7272T0017-TRFILM-IF,3.0,B7272T0017-TRFILM,2.0,FARDELEUSE L3
B6244T8001,1.0,,,BOULE DE CUISSON 1
B7214T0013-S006,2.0,B7214T0013,1.0,SOUFFLEUSE
B7216T0013,1.0,,,REMPLISSEUSE Combi SF SELECT BV 140/15C SIDEL FILLING/BOUCHEUSE TOURELLE  T15 / 540 ZALKIN
B7220T8001-J60,2.0,B7220T8001,1.0,MONOBLOC
B7220T8001-J50,2.0,B7220T8001,1.0,MONOBLOC
B7247T8002,1.0,,,REMPLISSEUSE ASEPTIQUE
B7272T0015-ENTPRO,2.0,B7272T0015,1.0,FARDELEUSE TSM 4 SDI CERMEX-OC
B6225T0001-S306,2.0,B6225T0001-S003,1.0,CUVES TAMPON
B7214T0007-RS,2.0,B7214T0007,1.0,SOUFFLEUSE SBO 20 SIDEL
B7214T0010,1.0,,,SOUFFLEUSE SBO 20 SIDEL
B7216T0012-BOUCHE-BU,3.0,B7216T0012-BOUCHEUSE,2.0,REMPLISSEUSE Combi SF SELECT GL 90/15C SIDEL FILLING/BOUCHEUSE TOURELLE  T15 / 540 ZALKIN
B7252T8003,1.0,,,ETIQUETEUSE DE BOUTEILLES  25 CL
B7272T0015-TRFILM,2.0,B7272T0015,1.0,FARDELEUSE TSM 4 SDI CERMEX-OC
B7284T0027-PALPRO-TA,3.0,B7284T0027-PALPRO,2.0,PALETTISEUR P432-SCARA (P432-20) CERMEX
B7759T8004-J05,3.0,B7759T8004-J11,2.0,CONVOYEURS
B9305T0001-ECLAIR,2.0,B9305T0001,1.0,BATIMENT
UPL-B8638T-001,1.0,SYS-FRP,1.0,Système Refroidissement Palette
B7214T0007-RS-PS-18,4.0,B7214T0007-RS-PS,3.0,SOUFFLEUSE SBO 20 SIDEL
B7214T0008-FOURIR,2.0,B7214T0008,1.0,SOUFFLEUSE SBO 20 SIDEL
B7216T0011,1.0,,,REMPLISSEUSE Combi SF SELECT GL 90/15C SIDEL FILLING/BOUCHEUSE TOURELLE  T15 / 540 ZALKIN
B7216T0012-TRANSF-TC,3.0,B7216T0012-TRANSF,2.0,REMPLISSEUSE Combi SF SELECT GL 90/15C SIDEL FILLING/BOUCHEUSE TOURELLE  T15 / 540 ZALKIN
B7216T0012,1.0,,,REMPLISSEUSE Combi SF SELECT GL 90/15C SIDEL FILLING/BOUCHEUSE TOURELLE  T15 / 540 ZALKIN
B7217T0001-S004,2.0,B7217T0001,1.0,SOUTIREUSE
B7218T0001,1.0,,,RINCEUSE
B7254T0169-EXTRAC,2.0,B7254T0169,1.0,DATEUSE
B7254T0170,1.0,,,DATEUR INDUSTRIEL A JET D ENCRE
B9305T0002,1.0,,,ATELIER
BEC-ADM-ETAG1_FRD,1.0,,,EQUIPEMENTS FROID ET CLIMATISATION 1ER ETAGE
B7260T8001,1.0,,,PASTEURISATEUR REFROIDI À TUNNEL(SDA)
B7217T0001-S284,3.0,B7217T0001-S004,2.0,SOUTIREUSE
B7284T0029-ENTPRO,2.0,B7284T0029,1.0,PALETTISEUR P432-SCARA (P432-20) CERMEX
B8702T0001,1.0,,,SOURCE
BEC-ADM-R3-UTIL-FRD,1.0,,,EQUIPEMENTS FROID ET CLIMATISATION 3E ETAGE R+3
BEC-ADM-R3_ETAG2_FRD,1.0,,,EQUIPEMENTS FROID ET CLIMATISATION 2E ETAGE R+3
B6220T0002,1.0,,,VMC  B(SDA)
B7688R2000,1.0,,,CLIMATISATIONS
B7214T0008-RS-PS-01,4.0,B7214T0008-RS-PS,3.0,SOUFFLEUSE SBO 20 SIDEL
B7214T0010-FOURIR-CT,3.0,B7214T0010-FOURIR,2.0,SOUFFLEUSE SBO 20 SIDEL
B7284T0027-ARMELE-CE,3.0,B7284T0027-ARMELE,2.0,PALETTISEUR P432-SCARA (P432-20) CERMEX
B7214T0008-RS-PS-11,4.0,B7214T0008-RS-PS,3.0,SOUFFLEUSE SBO 20 SIDEL
B7214T0008-RS-PS,3.0,B7214T0008-RS,2.0,SOUFFLEUSE SBO 20 SIDEL
B7252T0029-GRETIQ-HM,3.0,B7252T0029-GRETIQ,2.0,ETIQUETEUSE OPERA 300 SACMI
B7272D0006-K001,3.0,,,FARDELEUSE TSM 4 SDI CERMEX-OC
B7284T0029-ENTPRO-CP,3.0,B7284T0029-ENTPRO,2.0,PALETTISEUR P432-SCARA (P432-20) CERMEX
B7759T0020-UNIFIL,2.0,B7759T0020,1.0,CONVOYEUR MECANIQUE  GEBO
B7284T0029-PINTER-BI,3.0,B7284T0029-PINTER,2.0,PALETTISEUR P432-SCARA (P432-20) CERMEX
B7214T0010-RS-PS-11,4.0,B7214T0010-RS-PS,3.0,SOUFFLEUSE SBO 20 SIDEL
B8657T0026,1.0,,,CLIMATISEUR CIAT DXA36 SALLE TGBT
LLK-AC-1850E-ETACOM,2.0,LLK-AC-1850E,1.0,Compresseur 40 bars TEMPO 1850 E Cojek
B7222T0001,1.0,,,REMPLISSEUSE SEMI-AUTOMATIQUE(SEAUX)
B6220T0001-S002,2.0,B6220T0001,1.0,VMC  A(SDA)
B6225T0001-S096,2.0,B6225T0001-S001,1.0,CUVERIE EXTERIEUR
B7214T0008-RS-PS-15,4.0,B7214T0008-RS-PS,3.0,SOUFFLEUSE SBO 20 SIDEL
B7214T0008-RS-PS-07,4.0,B7214T0008-RS-PS,3.0,SOUFFLEUSE SBO 20 SIDEL
B7214T0008-RS-PS-05,4.0,B7214T0008-RS-PS,3.0,SOUFFLEUSE SBO 20 SIDEL
B7216T0012-ARMELE,2.0,B7216T0012,1.0,REMPLISSEUSE Combi SF SELECT GL 90/15C SIDEL FILLING/BOUCHEUSE TOURELLE  T15 / 540 ZALKIN
B7252T0029-ARMELE-CE,3.0,B7252T0029-ARMELE,2.0,ETIQUETEUSE OPERA 300 SACMI
B7284T0029-PINTER,2.0,B7284T0029,1.0,PALETTISEUR P432-SCARA (P432-20) CERMEX
B7702T0162,1.0,,,CHARIOT ELEVETEUR GPL
B8634T0021,1.0,,,Refroidisseur CO2
B7222T0006-J01,1.0,,,Remplisseuse semi automatique seau ASSILA
B7284T0027-CONMEC,2.0,B7284T0027,1.0,PALETTISEUR P432-SCARA (P432-20) CERMEX
B7759T0020,1.0,,,CONVOYEUR MECANIQUE  GEBO
LLK-AC-1850E-ENTRAI,2.0,LLK-AC-1850E,1.0,Compresseur 40 bars TEMPO 1850 E Cojek
B7203T0001,1.0,,,DEPALETTISEUR
B7214T0007-POSTCO,2.0,B7214T0007,1.0,SOUFFLEUSE SBO 20 SIDEL
B7214T0010-CIREAU-01,3.0,B7214T0010-CIREAU,2.0,SOUFFLEUSE SBO 20 SIDEL
B7216T0012-TRANSF-EB,3.0,B7216T0012-TRANSF,2.0,REMPLISSEUSE Combi SF SELECT GL 90/15C SIDEL FILLING/BOUCHEUSE TOURELLE  T15 / 540 ZALKIN
B7217T0002-S004,2.0,B7217T0002,1.0,SOUTIREUSE
B7272T0016-ENTRAI-NA,3.0,B7272T0016-ENTRAI,2.0,FARDELEUSE TSM 4 SDI CERMEX-OC
B7284T8001,1.0,,,PALETTISEUR P432-SCARA
B8655T0001-R000,1.0,,,CLIMATISATION  BUREAUX
B9305T0004,1.0,,,Poste Contrôle HT 60KV
B7101T8007,1.0,,,BAC DE STOCKAGE EAU MITIGEE
B7214T0008-RS,2.0,B7214T0008,1.0,SOUFFLEUSE SBO 20 SIDEL
B7216T0013-REMPLI-CA,3.0,B7216T0013-REMPLI,2.0,REMPLISSEUSE Combi SF SELECT BV 140/15C SIDEL FILLING/BOUCHEUSE TOURELLE  T15 / 540 ZALKIN
B7217T0002-S315,3.0,B7217T0002-S004,2.0,SOUTIREUSE
B7252T0021-STINFE,2.0,B7252T0021,1.0,ETIQUETEUSE OPERA 300 SACMI
B7272T0016-ENTRAI,2.0,B7272T0016,1.0,FARDELEUSE TSM 4 SDI CERMEX-OC
B8657T0031,1.0,,,CLIMATISEUR MCC CIAT 28000W CLIMC28C
B7214T0008-CIREAU-01,3.0,B7214T0008-CIREAU,2.0,SOUFFLEUSE SBO 20 SIDEL
B7214T0008,1.0,,,SOUFFLEUSE SBO 20 SIDEL
B7214T0010-TRANSF-TP,3.0,B7214T0010-TRANSF,2.0,SOUFFLEUSE SBO 20 SIDEL
B7254T0173,1.0,,,DATEUR INDUSTRIEL A JET D ENCRE AX350I
B7272D0007-K001,3.0,,,FARDELEUSE TSM 4 SDI CERMEX-OC
B7284T0031,1.0,,,PALETTISEUR
B7286T0022-SECBAN,2.0,B7286T0022,1.0,BANDEROLEUSE AVEC COURONNE TOURNANTE GENESIS FUTURA L2
B7286T0022,1.0,,,BANDEROLEUSE AVEC COURONNE TOURNANTE GENESIS FUTURA L2
B7214T0007-AIRCOM-01,3.0,B7214T0007-CIRPNE,2.0,SOUFFLEUSE SBO 20 SIDEL
B7214T0007-RS-PS-07,4.0,B7214T0007-RS-PS,3.0,SOUFFLEUSE SBO 20 SIDEL
B7214T0008-RS-PS-02,4.0,B7214T0008-RS-PS,3.0,SOUFFLEUSE SBO 20 SIDEL
B7214T0008-RS-PS-06,4.0,B7214T0008-RS-PS,3.0,SOUFFLEUSE SBO 20 SIDEL
B7214T0008-FOURIR-CT,3.0,B7214T0008-FOURIR,2.0,SOUFFLEUSE SBO 20 SIDEL
B7216T0013-BOUCHE-BU,3.0,B7216T0013-BOUCHEUSE,2.0,REMPLISSEUSE Combi SF SELECT BV 140/15C SIDEL FILLING/BOUCHEUSE TOURELLE  T15 / 540 ZALKIN
B7272T0016,1.0,,,FARDELEUSE TSM 4 SDI CERMEX-OC
B7272T0017-TRFILM-PB,3.0,B7272T0017-TRFILM,2.0,FARDELEUSE L3
B7284T0026-MAGPAL-EF,3.0,B7284T0026-MAGPAL,2.0,PALETTISEUR P432-SCARA (P432-20) CERMEX
B8638T0037-CIRFRI,2.0,B8638T0037,1.0,Refroidisseurs VDM TRANE-FIORINI
B6225T0003-S001,1.0,,,UNITE DE DESAERATION MOUTARDE
B7252T0022-GRETIQ-HM,3.0,B7252T0022-GRETIQ,2.0,ETIQUETEUSE OPERA 300 SACMI
B7260T0001-S008,2.0,B7260T0001,1.0,PASTEURISATEUR
B8602T0018,1.0,,,Chaudiére MIRA 5000 ECFERAL
BEC-ADM-REZ_FRD,1.0,,,EQUIPEMENTS FROID ET CLIMATISATION REZ DE CHAUSEE R+2
BEC-ALLEES-PG3-FRD,1.0,,,EQUIPEMENTS FROID ET CLIMATISATION POSTE DE GARDIENNAGE 3
B7214T0007-RS-PS-08,4.0,B7214T0007-RS-PS,3.0,SOUFFLEUSE SBO 20 SIDEL
B7214T0008-FOURIR-MC,3.0,B7214T0008-FOURIR,2.0,SOUFFLEUSE SBO 20 SIDEL
B7214T0010-RS-PS,3.0,B7214T0010-RS,2.0,SOUFFLEUSE SBO 20 SIDEL
B7214T0010-ALPREF-RA,3.0,B7214T0010-ALPREF,2.0,SOUFFLEUSE SBO 20 SIDEL
B7272T0017-ENTRAI-NA,3.0,B7272T0017-ENTRAI,2.0,FARDELEUSE L3
B4600R3000-R050,2.0,B7752T0127,1.0,TRANSPORTEUR A BANDE 3A014
B7759T8002-J06,2.0,B7759T8002,1.0,CONVOYEURS MECANIQUE GEBO
B8602T0018-CORCHA,2.0,B8602T0018,1.0,Chaudiére MIRA 5000 ECFERAL
BEC-ALLEES-PG5-FRD,1.0,,,EQUIPEMENTS FROID ET CLIMATISATION POSTES DE GARDIENNAGE 5 ENTREE SUCRE LIQUIDE
UPL-B6005T-001,1.0,SYS-IP,1.0,Système Injection  Palette
B7252T0021-GRETIQ-CT,3.0,B7252T0021-GRETIQ,2.0,ETIQUETEUSE OPERA 300 SACMI
B7216T0011-TRANSF-TC,3.0,B7216T0011-TRANSF,2.0,REMPLISSEUSE Combi SF SELECT GL 90/15C SIDEL FILLING/BOUCHEUSE TOURELLE  T15 / 540 ZALKIN
B7216T0013-TRANSF,2.0,B7216T0013,1.0,REMPLISSEUSE Combi SF SELECT BV 140/15C SIDEL FILLING/BOUCHEUSE TOURELLE  T15 / 540 ZALKIN
B7216T0013-TRANSF-TC,3.0,B7216T0013-TRANSF,2.0,REMPLISSEUSE Combi SF SELECT BV 140/15C SIDEL FILLING/BOUCHEUSE TOURELLE  T15 / 540 ZALKIN
B7272T0016-ENTRAI-CY,3.0,B7272T0016-ENTRAI,2.0,FARDELEUSE TSM 4 SDI CERMEX-OC
B7274T0002-ALRUCA-AR,3.0,B7274T0002-ALRUCA,2.0,POSEUSE DE POIGNEE M.E.T.E TWIN PACKS
B7214T0008-AIRCOM-01,3.0,B7214T0008-CIRPNE,2.0,SOUFFLEUSE SBO 20 SIDEL
B7214T0010-ALPREF-TE,3.0,B7214T0010-ALPREF,2.0,SOUFFLEUSE SBO 20 SIDEL
B7216T0013-ALIEAU-CI,3.0,B7216T0013-ALIEAU,2.0,REMPLISSEUSE Combi SF SELECT BV 140/15C SIDEL FILLING/BOUCHEUSE TOURELLE  T15 / 540 ZALKIN
LLK-AC-1850D-ENTRAI,2.0,LLK-AC-1850D,1.0,Compresseur 40 bars TEMPO 1850 D
B7216T0011-TRANSF,2.0,B7216T0011,1.0,REMPLISSEUSE Combi SF SELECT GL 90/15C SIDEL FILLING/BOUCHEUSE TOURELLE  T15 / 540 ZALKIN
B7216T0013-ALIEAU-AP,3.0,B7216T0013-ALIEAU,2.0,REMPLISSEUSE Combi SF SELECT BV 140/15C SIDEL FILLING/BOUCHEUSE TOURELLE  T15 / 540 ZALKIN
B7216T0013-BOUCHE-TV,3.0,B7216T0013-BOUCHEUSE,2.0,REMPLISSEUSE Combi SF SELECT BV 140/15C SIDEL FILLING/BOUCHEUSE TOURELLE  T15 / 540 ZALKIN
B7214T0007-RS-PS-01,4.0,B7214T0007-RS-PS,3.0,SOUFFLEUSE SBO 20 SIDEL
B7203R0001,1.0,,,CONVOYEURS PALETTES 'DEBALLAGE'
B7214T0007-ALPREF-BA,3.0,B7214T0007-ALPREF,2.0,SOUFFLEUSE SBO 20 SIDEL
B7214T0008-ALPREF-RA,3.0,B7214T0008-ALPREF,2.0,SOUFFLEUSE SBO 20 SIDEL
B7252T0021,1.0,,,ETIQUETEUSE OPERA 300 SACMI
B7284T0026-PINTER-BI,3.0,B7284T0026-PINTER,2.0,PALETTISEUR P432-SCARA (P432-20) CERMEX
LLK-AC-1850D-ETACOM,2.0,LLK-AC-1850D,1.0,Compresseur 40 bars TEMPO 1850 D
B6235T8001-J02,2.0,B6235T8001,1.0,MIXER MAS MIX 60/60
B6235T8001,1.0,,,MIXER MAS MIX 60/60
B7214T0007-RS-PS-11,4.0,B7214T0007-RS-PS,3.0,SOUFFLEUSE SBO 20 SIDEL
B7214T0010-RS,2.0,B7214T0010,1.0,SOUFFLEUSE SBO 20 SIDEL
B7217T0002-S316,3.0,B7217T0002-S004,2.0,SOUTIREUSE
B7252T0034,1.0,,,ETIQUETEUSE
B7258T0013-S002,2.0,B7258T0013,1.0,INSPECTRICE METTLER-TOLEDO'RAYON X'(SDA)
B7284T0026-PINTER,2.0,B7284T0026,1.0,PALETTISEUR P432-SCARA (P432-20) CERMEX
LLK-CUVE-CO2,1.0,,,Cuve CO2
B7759T0019-PACKS,2.0,B7759T0019,1.0,CONVOYEUR MECANIQUE  GEBO
B7759T0021-PACKS,2.0,B7759T0021,1.0,CONVOYEUR MECANIQUE  GEBO
B8602T0012,1.0,,,CHAUDIERE BABCOCK N°02
B7216T8002-J05,2.0,B7216T8002,1.0,REMPLISSEUSE SF SELECT 140/15C
B7258T0010,1.0,,,INSPECTRICE METTLER-TOLEDO'RAYON X'(SDA)
B8008T0001,1.0,,,BASCULE BA1
B8602T0019,1.0,,,Bache alimentaire chaudiére
B7105T0121-J02,1.0,,,SKID VANNE CIP
B7220T8001-J30,3.0,B7220T8001-J60,2.0,MONOBLOC
LLK-AC-2350B-ENTRAI,2.0,LLK-AC-2350B,1.0,Compresseur 40 bars TEMPO 2350 B
B7214T0010-RS-PS-16,4.0,B7214T0010-RS-PS,3.0,SOUFFLEUSE SBO 20 SIDEL
B7272T0017,1.0,,,FARDELEUSE L3
B7272T0017-ENTPRO,2.0,B7272T0017,1.0,FARDELEUSE L3
B7272T0017-FOURFA,2.0,B7272T0017,1.0,FARDELEUSE L3
B3668R6500,1.0,,,COMPRESSEUR ABC
B7214T0007-RS-PS-02,4.0,B7214T0007-RS-PS,3.0,SOUFFLEUSE SBO 20 SIDEL
B7214T0013-S004,2.0,B7214T0013,1.0,SOUFFLEUSE
B7284T8001-J03,2.0,B7284T8001,1.0,PALETTISEUR P432-SCARA
LLK-AC-RLRA-ENTRAI,2.0,LLK-AC-RLRA,1.0,Compresseur 7 bar RLR 150 AIR WORTHINGTON A
B7210T8005,1.0,,,LAVEUSE CASIERS BOUTEILLES KRONES
B7272T0028,1.0,,,FARDELEUSE VARIOPAC PRO
B8602T8004,1.0,,,CHAUDIERE BABCOCK3/ 05 T
B6225T0001-S304,2.0,B6225T0001-S003,1.0,CUVES TAMPON
B6315T0003,1.0,,,HOMOGENEISATEUR 2
BEC-ADM-R1_ETAG1_FRD,1.0,,,EQUIPEMENTS FROID ET CLIMATISATION 1ER ETAGE R+1
ELKS_ADM,1.0,,,BLOC ADM
B7214T0007,1.0,,,SOUFFLEUSE SBO 20 SIDEL
B7274T8001,1.0,,,POSEUSE DE POIGNEES TWIN PACKS
LLK-AC-1850E,1.0,,,Compresseur 40 bars TEMPO 1850 E Cojek
B3623B8003-S020,3.0,B3623B8003-S001,2.0,GROUPE POMPE CIP
B7272T0015-ENTRAI-CY,3.0,B7272T0015-ENTRAI,2.0,FARDELEUSE TSM 4 SDI CERMEX-OC
B7759T8002,1.0,,,CONVOYEURS MECANIQUE GEBO
B7214T0007-RS-PS-04,4.0,B7214T0007-RS-PS,3.0,SOUFFLEUSE SBO 20 SIDEL
B7214T0007-RS-PS-05,4.0,B7214T0007-RS-PS,3.0,SOUFFLEUSE SBO 20 SIDEL
B7214T0008-TRANSF-TB,3.0,B7214T0008-TRANSF,2.0,SOUFFLEUSE SBO 20 SIDEL
B7216T0012-TRANSF,2.0,B7216T0012,1.0,REMPLISSEUSE Combi SF SELECT GL 90/15C SIDEL FILLING/BOUCHEUSE TOURELLE  T15 / 540 ZALKIN
B7216T0012-BOUCHE-TV,3.0,B7216T0012-BOUCHEUSE,2.0,REMPLISSEUSE Combi SF SELECT GL 90/15C SIDEL FILLING/BOUCHEUSE TOURELLE  T15 / 540 ZALKIN
B7286T0019,1.0,,,BANDEROLEUSE AVEC COURONNE TOURNANTE GENESIS FUTURA L1
B7214T0008-RS-PS-16,4.0,B7214T0008-RS-PS,3.0,SOUFFLEUSE SBO 20 SIDEL
B7252T0022-TRANSM-VF,3.0,B7252T0022-TRANSM,2.0,ETIQUETEUSE OPERA 300 SACMI
B7254T0139-EXTRAC,2.0,B7254T0139,1.0,DATEUSE
B7258T0008,1.0,,,CHECKMAT SORTIE SOUTIREUSE
B7759T0019,1.0,,,CONVOYEUR MECANIQUE  GEBO
B7759T0022,1.0,,,CONVOYEURS FARDEAUX
B7790T0048,1.0,,,QUAI DE CHARGEMENT N°01
B7790T0049,1.0,,,QUAI DE CHARGEMENT N°02
B7790T0050,1.0,,,QUAI DE CHARGEMENT N°03
B7203R0001-S028,3.0,B7203R0001-S005,2.0,CONVOYEURS PALETTES 'DEBALLAGE'
B7252T0022-TRANSM-ES,3.0,B7252T0022-TRANSM,2.0,ETIQUETEUSE OPERA 300 SACMI
B7214T0007-RS-PS-10,4.0,B7214T0007-RS-PS,3.0,SOUFFLEUSE SBO 20 SIDEL
B7214T0008-TRANSF,2.0,B7214T0008,1.0,SOUFFLEUSE SBO 20 SIDEL
B7214T0008-RS-PS-03,4.0,B7214T0008-RS-PS,3.0,SOUFFLEUSE SBO 20 SIDEL
B7216T0011-ALIEAU-AP,3.0,B7216T0011-ALIEAU,2.0,REMPLISSEUSE Combi SF SELECT GL 90/15C SIDEL FILLING/BOUCHEUSE TOURELLE  T15 / 540 ZALKIN
B7702T0163,1.0,,,CHARIOT ELEVETEUR GPL
B7214T0007-RS-PS-16,4.0,B7214T0007-RS-PS,3.0,SOUFFLEUSE SBO 20 SIDEL
B7284T0026-GRPROD-PO,3.0,B7284T0026-GRPROD,2.0,PALETTISEUR P432-SCARA (P432-20) CERMEX
B7284T0027-ENTPRO-CP,3.0,B7284T0027-ENTPRO,2.0,PALETTISEUR P432-SCARA (P432-20) CERMEX
B7284T0029-ARMELE-CE,3.0,B7284T0029-ARMELE,2.0,PALETTISEUR P432-SCARA (P432-20) CERMEX
B7284T0029-ARMELE,2.0,B7284T0029,1.0,PALETTISEUR P432-SCARA (P432-20) CERMEX
B8657T0030-A0001,1.0,,,CLIMATISEUR TGBT4 CIAT 28000W CLIMC28B
LLK-AC-RLRA-CIREFE,2.0,LLK-AC-RLRA,1.0,Compresseur 7 bar RLR 150 AIR WORTHINGTON A
B7252T0021-TRANSM,2.0,B7252T0021,1.0,ETIQUETEUSE OPERA 300 SACMI
B7214T0010-FOURIR,2.0,B7214T0010,1.0,SOUFFLEUSE SBO 20 SIDEL
B7216T0012-BOUCHEUSE,2.0,B7216T0012,1.0,REMPLISSEUSE Combi SF SELECT GL 90/15C SIDEL FILLING/BOUCHEUSE TOURELLE  T15 / 540 ZALKIN
B7252T0029-STSUPE-TM,3.0,B7252T0029-STSUPE,2.0,ETIQUETEUSE OPERA 300 SACMI
B7634T0124,2.0,BLS-017599,1.0,SEMI-REMORQUE CITERNE N° SERIE VP3 SR34 B29 FSA 0387 / 017599
B7214T0007-RS-PS-09,4.0,B7214T0007-RS-PS,3.0,SOUFFLEUSE SBO 20 SIDEL
B7716T0020,1.0,,,NACELLE
B7202T8002-J11,2.0,B7202T8002,1.0,DECAISSEUSE
B7203T0001-S002,2.0,B7203T0001,1.0,DEPALETTISEUR
B7252T0029,1.0,,,ETIQUETEUSE OPERA 300 SACMI
B7290T0005-SECHOU,2.0,B7290T0005,1.0,HOUSSEUSE COMBIPAL  THIMON
B8602T0011,1.0,,,CHAUDIERE BABCOCK N°01
ELKS_UAP2-DIV-BUR-EC,2.0,ELKS_UAP2-DIV-BUR,1.0,BUREAUX
B7284T0031-078,3.0,B7284T0031-003,2.0,PALETTISEUR
B8713T0012,1.0,,,STATION D OSMOSE N°2(SDA)
B7214T0007-RS-PS-06,4.0,B7214T0007-RS-PS,3.0,SOUFFLEUSE SBO 20 SIDEL
B7214T0010-RS-PS-07,4.0,B7214T0010-RS-PS,3.0,SOUFFLEUSE SBO 20 SIDEL
B7214T0010-RS-PS-02,4.0,B7214T0010-RS-PS,3.0,SOUFFLEUSE SBO 20 SIDEL
B7216T0011-BOUCHEUSE,2.0,B7216T0011,1.0,REMPLISSEUSE Combi SF SELECT GL 90/15C SIDEL FILLING/BOUCHEUSE TOURELLE  T15 / 540 ZALKIN
B7252T0032-S024,3.0,B7252T0032-S002,2.0,ETIQUETEUSE
B7254T0012-S001,2.0,B7254T0012,1.0,DATEUR JET D'ANCRE/A520I / K8204HN
,,,,FARDELEUSE VARIOPAC PRO
B7284T0026-ARMELE,2.0,B7284T0026,1.0,PALETTISEUR P432-SCARA (P432-20) CERMEX
B7216T0011-BOUCHE-TV,3.0,B7216T0011-BOUCHEUSE,2.0,REMPLISSEUSE Combi SF SELECT GL 90/15C SIDEL FILLING/BOUCHEUSE TOURELLE  T15 / 540 ZALKIN
B7252T0029-GRETIQ,2.0,B7252T0029,1.0,ETIQUETEUSE OPERA 300 SACMI
B7284T0027-MAGPAL,2.0,B7284T0027,1.0,PALETTISEUR P432-SCARA (P432-20) CERMEX
LLK-AC-1850D,1.0,,,Compresseur 40 bars TEMPO 1850 D
B7272T0015,1.0,,,FARDELEUSE TSM 4 SDI CERMEX-OC
B3529R0523-S030,2.0,B3529R0523-S002,1.0,ECHANGEUR TERLET 2(SDA)
B6315T0005,1.0,,,HOMOGENEISATEUR RB
B7202T8002,1.0,,,DECAISSEUSE
B7216T0013-BOUCHE-CB,3.0,B7216T0013-BOUCHEUSE,2.0,REMPLISSEUSE Combi SF SELECT BV 140/15C SIDEL FILLING/BOUCHEUSE TOURELLE  T15 / 540 ZALKIN
B7252T0021-STINFE-CA,3.0,B7252T0021-STINFE,2.0,ETIQUETEUSE OPERA 300 SACMI
B7260T0001,1.0,,,PASTEURISATEUR
B7284T0026-CONMEC,2.0,B7284T0026,1.0,PALETTISEUR P432-SCARA (P432-20) CERMEX
B7284T0027-PINTER,2.0,B7284T0027,1.0,PALETTISEUR P432-SCARA (P432-20) CERMEX
B7214T0010-RS-PS-08,4.0,B7214T0010-RS-PS,3.0,SOUFFLEUSE SBO 20 SIDEL
B7284T0027-GRPROD,2.0,B7284T0027,1.0,PALETTISEUR P432-SCARA (P432-20) CERMEX
B8657T0050,1.0,,,CENTRALE DE TRAITEMENT D'AIR SALLE BLANCHE UAP1(SDA)
DMC-COMMUN-DIVERS,2.0,,,COMMUN
B7214T0008-ARMELE,2.0,B7214T0008,1.0,SOUFFLEUSE SBO 20 SIDEL
B7214T0010-RS-PS-01,4.0,B7214T0010-RS-PS,3.0,SOUFFLEUSE SBO 20 SIDEL
B7216T0012-REMPLI-CA,3.0,B7216T0012-REMPLI,2.0,REMPLISSEUSE Combi SF SELECT GL 90/15C SIDEL FILLING/BOUCHEUSE TOURELLE  T15 / 540 ZALKIN
B7284T0027-PINTER-BI,3.0,B7284T0027-PINTER,2.0,PALETTISEUR P432-SCARA (P432-20) CERMEX
B8636T8003,1.0,,,TOUR DE REFROIDISSEMENT PP
B6220T0001-S128,3.0,B6220T0001-S012,2.0,VMC  A(SDA)
B7214T0007-FOURIR-RE,3.0,B7214T0007-FOURIR,2.0,SOUFFLEUSE SBO 20 SIDEL
B7214T0008-RS-PS-10,4.0,B7214T0008-RS-PS,3.0,SOUFFLEUSE SBO 20 SIDEL
B3688T0015,1.0,,,GENERATEUR D 'AZOTE TORNADO N°3
B7214T0007-RS-PS-17,4.0,B7214T0007-RS-PS,3.0,SOUFFLEUSE SBO 20 SIDEL
B7214T0008-ALPREF-BA,3.0,B7214T0008-ALPREF,2.0,SOUFFLEUSE SBO 20 SIDEL
B7214T0008-TRANSF-TP,3.0,B7214T0008-TRANSF,2.0,SOUFFLEUSE SBO 20 SIDEL
B7254T0126-EXTRAC,2.0,B7254T0126,1.0,DATEUSE
B7272T0016-ENTPRO-RB,3.0,B7272T0016-ENTPRO,2.0,FARDELEUSE TSM 4 SDI CERMEX-OC
B7284T0027-GRPROD-TP,3.0,B7284T0027-GRPROD,2.0,PALETTISEUR P432-SCARA (P432-20) CERMEX
B7752T0052,1.0,,,TRANSPORTEUR A BANDE        TB9C
B8607T0011,1.0,,,SKID EAU CHAUD T85°
B8702T0002,1.0,,,FORAGE
BS1-CONSOMMABLE,1.0,,,FOURNITURES DIVERSES
B7214T0008-RS-PS-08,4.0,B7214T0008-RS-PS,3.0,SOUFFLEUSE SBO 20 SIDEL
B7274T0001,1.0,,,POSEUSE DE POIGNEE M.E.T.E TWIN PACKS
B7274T0002-APLPOI-DA,3.0,B7274T0002-APLPOI,2.0,POSEUSE DE POIGNEE M.E.T.E TWIN PACKS
LLK-AC-2350B-ARMELE,2.0,LLK-AC-2350B,1.0,Compresseur 40 bars TEMPO 2350 B
B3616R0401,1.0,,,POMPE D ASPIRATION N°01
B7216T0011-REMPLI-TR,3.0,B7216T0011-REMPLI,2.0,REMPLISSEUSE Combi SF SELECT GL 90/15C SIDEL FILLING/BOUCHEUSE TOURELLE  T15 / 540 ZALKIN
B7272T0017-ARMELE-CE,3.0,B7272T0017-ARMELE,2.0,FARDELEUSE L3
B7274T0001-ENTRAI-EP,3.0,B7274T0001-ENTRAI,2.0,POSEUSE DE POIGNEE M.E.T.E TWIN PACKS
B8713T8001,1.0,,,STATION D OSMOSE N°1(SDA)
B7214T0008-ALPREF-TE,3.0,B7214T0008-ALPREF,2.0,SOUFFLEUSE SBO 20 SIDEL
B7252T0022-GRETIQ-CT,3.0,B7252T0022-GRETIQ,2.0,ETIQUETEUSE OPERA 300 SACMI
B7284T0029-ARMELE-AU,3.0,B7284T0029-ARMELE,2.0,PALETTISEUR P432-SCARA (P432-20) CERMEX
B6574T0001-S024,3.0,B6574T0001-S002,2.0,SECHEUR LINADRY
B7214T0010-ALPREF-OD,3.0,B7214T0010-ALPREF,2.0,SOUFFLEUSE SBO 20 SIDEL
B7214T0010-ALPREF-RC,3.0,B7214T0010-ALPREF,2.0,SOUFFLEUSE SBO 20 SIDEL
B7286T0019-PCOIF,2.0,B7286T0019,1.0,BANDEROLEUSE AVEC COURONNE TOURNANTE GENESIS FUTURA L1
B6220T0001,1.0,,,VMC  A(SDA)
B7105T0095,3.0,B6225T0003-S041,2.0,PREPARATION MOUTARDE
B7214T0007-TRANSF,2.0,B7214T0007,1.0,SOUFFLEUSE SBO 20 SIDEL
B7759T0019-UNIFIL,2.0,B7759T0019,1.0,CONVOYEUR MECANIQUE  GEBO
B7214T0007-ARMELE-A1,3.0,B7214T0007-ARMELE,2.0,SOUFFLEUSE SBO 20 SIDEL
B7214T0007-RS-PS-14,4.0,B7214T0007-RS-PS,3.0,SOUFFLEUSE SBO 20 SIDEL
B7214T0008-ARMELE-A1,3.0,B7214T0008-ARMELE,2.0,SOUFFLEUSE SBO 20 SIDEL
B7214T0010-ALPREF,2.0,B7214T0010,1.0,SOUFFLEUSE SBO 20 SIDEL
B7214T0010-TRANSM-TR,3.0,B7214T0010-TRANSM,2.0,SOUFFLEUSE SBO 20 SIDEL
B7214T0010-ARMELE-A1,3.0,B7214T0010-ARMELE,2.0,SOUFFLEUSE SBO 20 SIDEL
B7272T0015-ENTRAI-TR,3.0,B7272T0015-ENTRAI,2.0,FARDELEUSE TSM 4 SDI CERMEX-OC
B7274T0001-APLPOI-DC,3.0,B7274T0001-APLPOI,2.0,POSEUSE DE POIGNEE M.E.T.E TWIN PACKS
B7214T0010-CIRPNE,2.0,B7214T0010,1.0,SOUFFLEUSE SBO 20 SIDEL
B7214T0010-AIRCOM-01,3.0,B7214T0010-CIRPNE,2.0,SOUFFLEUSE SBO 20 SIDEL
B7284T0026-GRPROD,2.0,B7284T0026,1.0,PALETTISEUR P432-SCARA (P432-20) CERMEX
B7284T0027-GRPROD-TG,3.0,B7284T0027-GRPROD,2.0,PALETTISEUR P432-SCARA (P432-20) CERMEX
B7290T0005-CIRPNE,2.0,B7290T0005,1.0,HOUSSEUSE COMBIPAL  THIMON
B7214T0010-RS-PS-06,4.0,B7214T0010-RS-PS,3.0,SOUFFLEUSE SBO 20 SIDEL
LLK-AC-RLRB,1.0,,,Compresseur 7 bar RLR 150 AIR WORTHINGTON B
B3623B8003,2.0,B6225T0001-S021,1.0,GROUPE POMPE CIP
B7272T0027-S008,2.0,B7272T0027,1.0,FARDELEUSE VARIOPAC PRO
B7290T0005-EQSOMA-CP,3.0,B7290T0005-EQSOMA,2.0,HOUSSEUSE COMBIPAL  THIMON
B6225T0001-S307,2.0,B6225T0001-S003,1.0,CUVES TAMPON
B7759T0024,1.0,,,CONVOYEURS BOUTEILLE
B7101T0115,3.0,B6225T0001-S094,2.0,CUVERIE EXTERIEUR
B7214T0007-RS-PS-15,4.0,B7214T0007-RS-PS,3.0,SOUFFLEUSE SBO 20 SIDEL
B7214T0007-ALPREF-RA,3.0,B7214T0007-ALPREF,2.0,SOUFFLEUSE SBO 20 SIDEL
B7214T0013-S108,3.0,B7214T0013-S001,2.0,SOUFFLEUSE
B7252T0021-GRETIQ-EF,3.0,B7252T0021-GRETIQ,2.0,ETIQUETEUSE OPERA 300 SACMI
B7258T0009-S010,3.0,B7258T0009-S001,2.0,INSPECTRICE DE BOCAL EBI(SDA)
B7214T0007-FOURIR-MC,3.0,B7214T0007-FOURIR,2.0,SOUFFLEUSE SBO 20 SIDEL
B7258T0014,1.0,,,CHECKMAT'SORTIE SOUTIREUSE'
B7258T0016,1.0,,,INSPECTRICE BOUTEILLE REMPLIE  25 CL(SDA)
B4742A0428-K002,2.0,B7274T0002,1.0,POSEUSE DE POIGNEE M.E.T.E TWIN PACKS
B8607T0012,1.0,,,SKID EAU CHAUD SANITAIRE
B7284T0029-PALPRO,2.0,B7284T0029,1.0,PALETTISEUR P432-SCARA (P432-20) CERMEX
B7286T0019-CHPB,2.0,B7286T0019,1.0,BANDEROLEUSE AVEC COURONNE TOURNANTE GENESIS FUTURA L1
B6225T0003-S004,1.0,,,PREPARATION MOUTARDE
B7214T0008-RS-PS-17,4.0,B7214T0008-RS-PS,3.0,SOUFFLEUSE SBO 20 SIDEL
B7272T0015-TRFILM-IF,3.0,B7272T0015-TRFILM,2.0,FARDELEUSE TSM 4 SDI CERMEX-OC
B7214T8001-J35,3.0,B7214T8001-J04,2.0,SOUFFLEUSE SBO 20 5767
B7216T8002-J01,2.0,B7216T8002,1.0,REMPLISSEUSE SF SELECT 140/15C
B7254T0140,1.0,,,DATEUR INDUSTRIEL A JET D ENCRE
B7252T8005-J68,3.0,B7252T8005-J07,2.0,ETIQUETEUSE SACMI OPERA 300
B7272T0016-TRFILM-TF,3.0,B7272T0016-TRFILM,2.0,FARDELEUSE TSM 4 SDI CERMEX-OC
B6225T0003-S223,3.0,B6225T0003-S023,2.0,SKID DE REFROIDISSEMENT MOUTARDE
B7214T0010-RS-PS-18,4.0,B7214T0010-RS-PS,3.0,SOUFFLEUSE SBO 20 SIDEL
B7214T0007-ALPREF-OD,3.0,B7214T0007-ALPREF,2.0,SOUFFLEUSE SBO 20 SIDEL
B7272T0016-ENTPRO,2.0,B7272T0016,1.0,FARDELEUSE TSM 4 SDI CERMEX-OC
B7272T8000-J05,2.0,B7272T8000,1.0,FARDELEUSE TSM 4 SDI
B7284T0027,1.0,,,PALETTISEUR P432-SCARA (P432-20) CERMEX
B7290T0004-EQSOMA-CP,3.0,B7290T0004-EQSOMA,2.0,BANDEROLEUSE AVEC COURONNE TOURNANTE GENESIS FUTURA L2
B7284T0026-ENTPRO,2.0,B7284T0026,1.0,PALETTISEUR P432-SCARA (P432-20) CERMEX
B3624R0201,1.0,,,GROUPE ANTI-INCENDIE
B6225T0001-S003,1.0,,,CUVES TAMPON
B7105T0117-S001,2.0,B6225T0001-S020,1.0,CUVE NEP 5X4000L(SDA)
B7223T0001-S037,3.0,B7223T0001-S012,2.0,BOUCHEUSE UNIMAC-GHERRI(SDA)
B7252T0021-TRANSM-EE,3.0,B7252T0021-TRANSM,2.0,ETIQUETEUSE OPERA 300 SACMI
B7284T0026,1.0,,,PALETTISEUR P432-SCARA (P432-20) CERMEX
B8638T0055,1.0,,,GROUPE DE PRODUCTION EAU GLACE N°1
B7109T0004-BS1,1.0,,,BAC A EAU T997E
B7216T0011-ARMELE-CE,3.0,B7216T0011-ARMELE,2.0,REMPLISSEUSE Combi SF SELECT GL 90/15C SIDEL FILLING/BOUCHEUSE TOURELLE  T15 / 540 ZALKIN
B7260T8001-J01,3.0,B7260T8001-J11,2.0,PASTEURISATEUR REFROIDI À TUNNEL(SDA)
B7270T0200-S005,2.0,B7270T0200,1.0,SLEEVEUSE
B7214T0013-S187,3.0,B7214T0013-S006,2.0,SOUFFLEUSE
B7258T0010-S002,2.0,B7258T0010,1.0,INSPECTRICE METTLER-TOLEDO'RAYON X'(SDA)
B7274T0002-APLPOI-DC,3.0,B7274T0002-APLPOI,2.0,POSEUSE DE POIGNEE M.E.T.E TWIN PACKS
B7284T0027-GRPROD-PO,3.0,B7284T0027-GRPROD,2.0,PALETTISEUR P432-SCARA (P432-20) CERMEX
B7284T0033,1.0,,,PALETTISEUR
B7272T0017-FOURFA-ET,3.0,B7272T0017-FOURFA,2.0,FARDELEUSE L3
B7284T0026-ENTPRO-EP,3.0,B7284T0026-ENTPRO,2.0,PALETTISEUR P432-SCARA (P432-20) CERMEX
B7216T0013-REMPLI,2.0,B7216T0013,1.0,REMPLISSEUSE Combi SF SELECT BV 140/15C SIDEL FILLING/BOUCHEUSE TOURELLE  T15 / 540 ZALKIN
B7272T0015-FOURFA-ET,3.0,B7272T0015-FOURFA,2.0,FARDELEUSE TSM 4 SDI CERMEX-OC
B7272T0016-FOURFA,2.0,B7272T0016,1.0,FARDELEUSE TSM 4 SDI CERMEX-OC
B6220T0001-S118,3.0,B6220T0001-S001,2.0,VMC  A(SDA)
B7214T0010-RS-PS-15,4.0,B7214T0010-RS-PS,3.0,SOUFFLEUSE SBO 20 SIDEL
B7214T0010-RS-PS-13,4.0,B7214T0010-RS-PS,3.0,SOUFFLEUSE SBO 20 SIDEL
B7258T0001-DISDET-BO,3.0,B7258T0001-DISDET,2.0,CONTRÔLE BOUCHON / NIVEAU HEUFT Basic V3.4
B7258T0017,1.0,,,INSPECTRICE BOUTEILLE VIDE  25 CL(SDA)
B7732T0002,1.0,,,GRUES GOTTWALD  N° 2
B7790T0045-COMPEL,2.0,B7790T0045,1.0,QUAI DE CHARGEMENT N°12
B7216T0011-BOUCHE-CB,3.0,B7216T0011-BOUCHEUSE,2.0,REMPLISSEUSE Combi SF SELECT GL 90/15C SIDEL FILLING/BOUCHEUSE TOURELLE  T15 / 540 ZALKIN
B7216T0013-ARMELE,2.0,B7216T0013,1.0,REMPLISSEUSE Combi SF SELECT BV 140/15C SIDEL FILLING/BOUCHEUSE TOURELLE  T15 / 540 ZALKIN
B7272T0016-ARMELE,2.0,B7272T0016,1.0,FARDELEUSE TSM 4 SDI CERMEX-OC
B7284T0026-PALPRO-TA,3.0,B7284T0026-PALPRO,2.0,PALETTISEUR P432-SCARA (P432-20) CERMEX
B7759T8004-J03,3.0,B7759T8004-J11,2.0,CONVOYEURS
BCH11-ALIPET-03,3.0,BCH11-UNALSE-03,2.0,PRESSE INJECTION PREFORMES N°9 G-LINE 300
B6001T0014,1.0,,,PRESSE D'INJECTION PET
B8008R0001-201,2.0,B8008T0001,1.0,BASCULE BA1
B8602T0014-J03,1.0,,,COLLECTEUR DE VAPEUR PRINCIPAL
B8602T0014-J04,1.0,,,COLLECTEUR DE VAPEUR BOISSONS 7BAR
B8638T0003,1.0,,,GROUPE FROID TRANE A714S
B8638T8003,1.0,,,CHILLER GREENBOX N°03
B3669T0024,1.0,,,COMPRESSEUR 7 BAR N°3
B7286T0031,1.0,,,BANDEROLEUSE A TABLE TOURNANTE AVEC ETIRAGE FILM
B7290T0005-SECHOU-BA,3.0,B7290T0005-SECHOU,2.0,HOUSSEUSE COMBIPAL  THIMON
B8638T8004,1.0,,,CHILLER GREENBOX N°04
B9019U0101-HS001,2.0,BHS_ENS_RAI,1.0,Ensemble Réseau Anti Incident
B7252T0029-GRETIQ-CT,3.0,B7252T0029-GRETIQ,2.0,ETIQUETEUSE OPERA 300 SACMI
B6595T0010,1.0,,,DESAERATEUR RB
B7101T8003,1.0,,,BAC DE STOCKAGE EAU OSMOSEE
BCH05-ORIDEM-01,3.0,BCH05-ALPREF-01,2.0,SOUFFLEUSE SBO6 - 5023
B7252T0022,1.0,,,ETIQUETEUSE OPERA 300 SACMI
B8607T0015,1.0,,,SKID EAU OSMOSE
B8627T0135-SAUCE,1.0,,,CHAMBRE FROIDE POSITIVE 2 °C PROCES SAUCES(SDA)
B3668T8004,1.0,,,COMPRESSEUR N°01
B3616R0700-S001,3.0,B6220T0001-S002,2.0,VMC  A(SDA)
B6225T0003-S006,1.0,,,TAMISEUR(SDA)
B7252T0021-JONAUT,2.0,B7252T0021,1.0,ETIQUETEUSE OPERA 300 SACMI
B3602R1450,2.0,B3602R5006-J01,1.0,GROUPE MOTOPOMPE
B6225T0001-S136,3.0,,,CUVERIE EXTERIEUR
B7217T0001-S259,3.0,B7217T0001-S002,2.0,SOUTIREUSE
B7272T0017-ENTPRO-RB,3.0,B7272T0017-ENTPRO,2.0,FARDELEUSE L3
B7286T0019-CHPC,2.0,B7286T0019,1.0,BANDEROLEUSE AVEC COURONNE TOURNANTE GENESIS FUTURA L1
LLK-AC-RLRB-ENTRAI,2.0,LLK-AC-RLRB,1.0,Compresseur 7 bar RLR 150 AIR WORTHINGTON B
B8515T0076,2.0,B3972E5099-J03,1.0,POSTE MT-BT3
B7252T0022-GRETIQ,2.0,B7252T0022,1.0,ETIQUETEUSE OPERA 300 SACMI
B6040D0102,1.0,,,ROBOT IML Bac +anse  1.8kg 
B6047D0009,1.0,,,MOULES 28 GR
B6538T0005-FILTF-IN,3.0,B6538T0005-FILTF,2.0,FILTRATION FINALE WT
B7284T0026-GRPROD-TG,3.0,B7284T0026-GRPROD,2.0,PALETTISEUR P432-SCARA (P432-20) CERMEX
B7284T0027-ARMELE-AU,3.0,B7284T0027-ARMELE,2.0,PALETTISEUR P432-SCARA (P432-20) CERMEX
B7105T0122,1.0,,,CUVE ACIDE CITRIQUE
B7274T0001-ALRUCA-AR,3.0,B7274T0001-ALRUCA,2.0,POSEUSE DE POIGNEE M.E.T.E TWIN PACKS
B6001T0002,1.0,,,PRESSE INJECTION PREFORMES N°8 G-LINE 300
B3623R8001,2.0,B6225T0001-S011,1.0,GROUPE MOTOPOMPE VINAIGRE
B7272T0017-ENTPRO-CD,3.0,B7272T0017-ENTPRO,2.0,FARDELEUSE L3
B7272T0027-S048,3.0,B7272T0027-S002,2.0,FARDELEUSE VARIOPAC PRO
B7274T0001-ARMELE-CE,3.0,B7274T0001-ARMELE,2.0,POSEUSE DE POIGNEE M.E.T.E TWIN PACKS
B4600R2000-A078,2.0,B3669T0002,1.0,COMPRESSEUR D'AIR PROCESS P920B
B7214T0013-S005,2.0,B7214T0013,1.0,SOUFFLEUSE
B7217T0002-S281,3.0,B7217T0002-S002,2.0,SOUTIREUSE
B7254T0174,1.0,,,DATEUR INDUSTRIEL A JET D ENCRE AX350I
B7284T0026-MAGPAL,2.0,B7284T0026,1.0,PALETTISEUR P432-SCARA (P432-20) CERMEX
B8602T0011-J01,2.0,B8602T0011,1.0,CHAUDIERE BABCOCK N°01
B8602T0012-J01,2.0,B8602T0012,1.0,CHAUDIERE BABCOCK N°02
B3972E5099-J13,2.0,B3972E5099-J01,1.0,POSTE MT-BT1
B3970T0296,2.0,B6225T0001-S031,1.0,CLIMATISATION ARMOIRES
B7258T0006,1.0,,,CONTRÔLE ETIQUETTE 944/L FT SYSTEM
B7272T0016-CIRPNE,2.0,B7272T0016,1.0,FARDELEUSE TSM 4 SDI CERMEX-OC
B8657T0038-S004,1.0,,,CENTRALE DE TRAITEMENT D'AIR N°2(SDA)
BEC-ADM-R2_ETAG2_FRD,1.0,,,EQUIPEMENTS FROID ET CLIMATISATION 2E ETAGE R+2
B7252T0029-STSUPE-CR,3.0,B7252T0029-STSUPE,2.0,ETIQUETEUSE OPERA 300 SACMI
B7286T0019-SECBAN,2.0,B7286T0019,1.0,BANDEROLEUSE AVEC COURONNE TOURNANTE GENESIS FUTURA L1
B3972E5099-J02,1.0,,,POSTE MT 2
B7214T0008-RS-PS-19,4.0,B7214T0008-RS-PS,3.0,SOUFFLEUSE SBO 20 SIDEL
B7214T0010-RS-PS-14,4.0,B7214T0010-RS-PS,3.0,SOUFFLEUSE SBO 20 SIDEL
B7224T8004,1.0,,,APPAREIL DOSAGE VELCORIN(SDA)
B8638T8002,1.0,,,CHILLER GREENBOX N°02
B7214T0008-RS-PS-12,4.0,B7214T0008-RS-PS,3.0,SOUFFLEUSE SBO 20 SIDEL
B7214T0013-S166,3.0,B7214T0013-S004,2.0,SOUFFLEUSE
B7214T0013-S172,3.0,B7214T0013-S005,2.0,SOUFFLEUSE
B7272T0028-S163,3.0,B7272T0028-S005,2.0,FARDELEUSE VARIOPAC PRO
B7217T0002-S313,3.0,B7217T0002-S004,2.0,SOUTIREUSE
B6001T0017-UNIROB,2.0,B6001T0017,1.0,PRESSE D'INJECTION PREFORMES 03 HYPET 400
BCH10-CONGAR-01,2.0,B7759T0009,1.0,CONVOYEURS MECANIQUES  ( GEBO )
B7214T0013-S003,2.0,B7214T0013,1.0,SOUFFLEUSE
B3623B8003-S001,2.0,B6225T0001-S021,1.0,GROUPE POMPE CIP
B7214T0008-TRANSM-TR,3.0,B7214T0008-TRANSM,2.0,SOUFFLEUSE SBO 20 SIDEL
B7272T0028-S175,3.0,B7272T0028-S006,2.0,FARDELEUSE VARIOPAC PRO
B3623R0600,1.0,,,GROUPE ELECTROPOMPE VOLUMETRIQUE P691B
B8638T0009,3.0,B4600R2000-A070,2.0,CLIMATISEUR TGBT CIAT 5000 CLIMC5A
B3970T0303,1.0,,,ARMOIRES ELECTRIQUES CONVOYEURS BOUTEILLE
B6225T0001-S094,2.0,B6225T0001-S001,1.0,CUVERIE EXTERIEUR
B7272T0028-S132,3.0,B7272T0028-S002,2.0,FARDELEUSE VARIOPAC PRO
B7274T0002-ENTRAI-EB,3.0,B7274T0002-ENTRAI,2.0,POSEUSE DE POIGNEE M.E.T.E TWIN PACKS
BMA-BAT-CHAUDR,1.0,,,CHAUDRONNERIES_BATIMENT-MARGARINERIE
B3624R0500-HS002,1.0,,,Moteur diesel CUMMINS VGA 28 G5
B6001T0001,1.0,,,PRESSE D'INJECTION PREFORMES 7 G-LINE 300
B7103T0206,1.0,,,BAC  A EAU CHAUDE  T45216
B7214T0008-RS-PS-18,4.0,B7214T0008-RS-PS,3.0,SOUFFLEUSE SBO 20 SIDEL
B7214T0010-ALPREF-RP,3.0,B7214T0010-ALPREF,2.0,SOUFFLEUSE SBO 20 SIDEL
B6225T0001-S309,2.0,B6225T0001-S003,1.0,CUVES TAMPON
B7216T0012-BOUCHE-CB,3.0,B7216T0012-BOUCHEUSE,2.0,REMPLISSEUSE Combi SF SELECT GL 90/15C SIDEL FILLING/BOUCHEUSE TOURELLE  T15 / 540 ZALKIN
B7216T0012-TRANSF-EE,3.0,B7216T0012-TRANSF,2.0,REMPLISSEUSE Combi SF SELECT GL 90/15C SIDEL FILLING/BOUCHEUSE TOURELLE  T15 / 540 ZALKIN
B7216T0012-ALBOUC,3.0,B7216T0012-BOUCHEUSE,2.0,REMPLISSEUSE Combi SF SELECT GL 90/15C SIDEL FILLING/BOUCHEUSE TOURELLE  T15 / 540 ZALKIN
B7761T0014,1.0,,,TRANSPORTEUR A VIS VR04
B7284T0031-001,2.0,B7284T0031,1.0,PALETTISEUR
B8607T0014,1.0,,,SKID EAU FROIDE (MITIGE)
B8657T0038-S001,1.0,,,ARMOIRE ELCTRIQUE CENTRALE DE CLIMATISATION
B6001T0013,2.0,B6010T0013,1.0,PRESSE PI13
B7216T0011-TRANSF-EE,3.0,B7216T0011-TRANSF,2.0,REMPLISSEUSE Combi SF SELECT GL 90/15C SIDEL FILLING/BOUCHEUSE TOURELLE  T15 / 540 ZALKIN
B3616R0402,1.0,,,POMPE D ASPIRATION N°02
B6047D0001,1.0,,,Moule 24Gr
B6225T0001-S316,3.0,B6225T0001-S309,2.0,CUVES TAMPON
B7190R0001-100,2.0,B7190T0001,1.0,QUAI 01
B7214T0008-RS-PS-13,4.0,B7214T0008-RS-PS,3.0,SOUFFLEUSE SBO 20 SIDEL
B7216T0012-ALBOUC-RA,4.0,B7216T0012-ALBOUC,3.0,REMPLISSEUSE Combi SF SELECT GL 90/15C SIDEL FILLING/BOUCHEUSE TOURELLE  T15 / 540 ZALKIN
B3669T0023,1.0,,,COMPRESSEUR 7 BAR N°2
B7252T0033-J01,1.0,,,SYSTEME DETECTION BARQUETTE INCOMPLETTE
B3677R0214,1.0,,,SECHEUR PAR REFRIGERATION
B7216T0011-REMPLI-CA,3.0,B7216T0011-REMPLI,2.0,REMPLISSEUSE Combi SF SELECT GL 90/15C SIDEL FILLING/BOUCHEUSE TOURELLE  T15 / 540 ZALKIN
B8657T0038-S003,1.0,,,CENTRALE DE TRAITEMENT D'AIR N°1(SDA)
BEC-ADM-REFEC_FRD,1.0,,,EQUIPEMENTS FROID ET CLIMATISATION REFECTOIRE
UPL-B6005D-001,1.0,SYS-IP,1.0,Système Injection  Palette
B7252T0021-ARMELE-CE,3.0,B7252T0021-ARMELE,2.0,ETIQUETEUSE OPERA 300 SACMI
B7274T0002-ENTRAI-EP,3.0,B7274T0002-ENTRAI,2.0,POSEUSE DE POIGNEE M.E.T.E TWIN PACKS
B8602T0014-J02,2.0,B8602T0014,1.0,BACHE A EAU BABCOCK
B7214T0007-CIRPNE,2.0,B7214T0007,1.0,SOUFFLEUSE SBO 20 SIDEL
B8636T0040-CONDUI,2.0,B8636T0040,1.0,Tour de refroidissement BALTMORE AIRCOIL
B7214T0007-RS-PS,3.0,B7214T0007-RS,2.0,SOUFFLEUSE SBO 20 SIDEL
B3624R0202-ARM,2.0,B3624R0202,1.0,RESEAU ANTI INCENDIE
B6315T8002,2.0,B7228T0076,1.0,LIGNE DE PREPARATION JUS
B7254T0103,1.0,,,DATEUR LASER D320I
B7759T0021,1.0,,,CONVOYEUR MECANIQUE  GEBO
B3602T8004,2.0,B3602R5006-J02,1.0,GROUPE ELECTROPOMPE
B7286T0002,1.0,,,BANDEROLEUSE ATLANTA
B7290T8001-J34,3.0,B7290T8001-J03,2.0,HOUSSEUSE COMBI PAL 2000
,,,,Ensemble Réseau Anti Incident
B6001T0005,1.0,,,PRESSE D'INJECTION PREFORMES 05 HYPET 400
B7284T0027-ENTPRO,2.0,B7284T0027,1.0,PALETTISEUR P432-SCARA (P432-20) CERMEX
B8634T0001,1.0,,,REFROIDISSEUR TRANE  (MOULE B / P)
B7272T0016-TRFILM-PB,3.0,B7272T0016-TRFILM,2.0,FARDELEUSE TSM 4 SDI CERMEX-OC
B7216T0012-ARMELE-CE,3.0,B7216T0012-ARMELE,2.0,REMPLISSEUSE Combi SF SELECT GL 90/15C SIDEL FILLING/BOUCHEUSE TOURELLE  T15 / 540 ZALKIN
B8657T0029-A0001,1.0,,,CLIMATISEUR TGBT CIAT 28000W CLIMC28A
B8638T0058,1.0,,,Groupe de production eau glacée FLASH-PASTO
BCH10-TRANPR-01,2.0,B7215T0004,1.0,MACHINE D INJECTION-SOUFFLAGE PF 24-8 B / N°S 389CC0044
B8278T0203,1.0,,,TOURNIQUET MOTORISE PLEIN HAUTEUR DOUBLE N°2 PASSAGE POSTE 01
B8636T0039-PMPREF,2.0,B8636T0039,1.0,Tour de refroidissement BALTMORE AIRCOIL
B4742A1850-K004,2.0,B8638T0039,1.0,Refroidisseurs CTA 2/2 TRANE-FIORINI
B7272T0017-TRFILM,2.0,B7272T0017,1.0,FARDELEUSE L3
B8657T0029-FILAIR,2.0,B8657T0029,1.0,Climatisation CTA 1/2
B9019U0002-HS001,2.0,BHS_ENS_RAI,1.0,Ensemble Réseau Anti Incident
B6001T0004,1.0,,,PRESSE D'INJECTION PREFORMES 06 HYPET 400
B6559T0021,1.0,,,Evaporateur CO2
B3601R0208-07,2.0,B7103T0025,1.0,BAC D'ACIDE PHOSPHORIQUE-  B20T23
B7214T0007-ARMELE-CE,3.0,B7214T0007-ARMELE,2.0,SOUFFLEUSE SBO 20 SIDEL
B8636T0039,1.0,,,Tour de refroidissement BALTMORE AIRCOIL
BCH05-BACOLE-05,2.0,B7252T0006,1.0,ETIQUETTEUSE SACMI 5LA OPERA 200 RF 9T/ N°M0074708
B3652T0011,1.0,,,CLIMATISEUR MCC CIAT 12000 CLIMC12C
B7252T0025-ZSOPRO,2.0,B7252T0025,1.0,ETIQUETEUSE AUTOCOL KRONES
B9720T2000,1.0,,,CHAUDRONNERIE RAFFINERIE 3000T
B6001T0005-UNIROB,2.0,B6001T0005,1.0,PRESSE D'INJECTION PREFORMES 05 HYPET 400
B7250T0003,1.0,,,SECHEUR DE BOUTEILLES KRONES
B7274T0001-ENTRAI,2.0,B7274T0001,1.0,POSEUSE DE POIGNEE M.E.T.E TWIN PACKS
B7264T0002-S002,2.0,B7264T0002,1.0,ALIMENTATEUR BOUCHON E18.3148
B7216T0011-BOUCHE-BU,3.0,B7216T0011-BOUCHEUSE,2.0,REMPLISSEUSE Combi SF SELECT GL 90/15C SIDEL FILLING/BOUCHEUSE TOURELLE  T15 / 540 ZALKIN
B7272T0027-S005,2.0,B7272T0027,1.0,FARDELEUSE VARIOPAC PRO
B7752T0019,1.0,,,TRANSPORTEUR A BANDE         TB18
B8638T0029,1.0,,,GROUPE FROID YORK A741E
BCH06-ARMELE-02,2.0,BCH06-COMPRE-02,2.0,CENTRALE DE PRODUCTION D'AIR COMPRIMEE N°02 ZD3030
B7286T0019-PCS,2.0,B7286T0019,1.0,BANDEROLEUSE AVEC COURONNE TOURNANTE GENESIS FUTURA L1
B7290T0003-EQSOMA-TE,3.0,B7290T0003-EQSOMA,2.0,BANDEROLEUSE AVEC COURONNE TOURNANTE GENESIS FUTURA L1
B8602T0014,1.0,,,BACHE A EAU BABCOCK
B7214T0013-S141,3.0,B7214T0013-S004,2.0,SOUFFLEUSE
B7290T0003-EQSOMA-CP,3.0,B7290T0003-EQSOMA,2.0,BANDEROLEUSE AVEC COURONNE TOURNANTE GENESIS FUTURA L1
BEC-ALLEES-PG4-ELEC,1.0,,,INSTALLATIONS ELECTRIQUE POSTE DE GARDIENNAGE 4
BEC-MAG-CG-ELEC,1.0,,,INSTALLATIONS ELECTRIQUE MAGASIN CORPS GRAS
B6538T0006,1.0,,,PREFILTRATION WT
B6210T8001,1.0,,,RAFFINEUSE COMPLETE 60T
B7252T0034-S005,2.0,B7252T0034,1.0,ETIQUETEUSE
BCH11-PARTFIX-08,2.0,B6046D0200,1.0,MOULE POIGNEE COL 48  32 EMPREINTES A UN ETAGE
B6330T0009,1.0,,,CRISTALLISEUR -   09-211-505
B7214T0007-ALPREF-TE,3.0,B7214T0007-ALPREF,2.0,SOUFFLEUSE SBO 20 SIDEL
B7214T0007-ALPREF,2.0,B7214T0007,1.0,SOUFFLEUSE SBO 20 SIDEL
B7732T0001,1.0,,,GRUES GOTTWALD  N° 1
BCH11-SECSEC-03,3.0,BCH11-UNALSE-03,2.0,PRESSE INJECTION PREFORMES N°9 G-LINE 300
B6005T0001,1.0,,,PRESSE INJECTION POIGNEE N° 5
BCH11-UNIJECT-13,2.0,B6010T0013,1.0,PRESSE PI13
BRH-24P5,2.0,B7103T0056,1.0,BAC EAUX ACIDES-   24T5
B7260T8006,2.0,B7228T0076,1.0,LIGNE DE PREPARATION JUS
BEC-ADM-R3_ETAG3_FRD,1.0,,,EQUIPEMENTS FROID ET CLIMATISATION 3E ETAGE R+3
B7284T0026-CIRPNE,2.0,B7284T0026,1.0,PALETTISEUR P432-SCARA (P432-20) CERMEX
B7284T0027-PALPRO-ET,3.0,B7284T0027-PALPRO,2.0,PALETTISEUR P432-SCARA (P432-20) CERMEX
BEC-ADM-R2_ETAG1_FRD,1.0,,,EQUIPEMENTS FROID ET CLIMATISATION 1ER ETAGE R+2
LLK-AC-1850C,1.0,,,Compresseur 40 bars TEMPO 1850 C
B4313R1048-A001,2.0,B3623T1000,1.0,GROUPE ELECTROPOMPE POMPE A GAZ P250AE
B7284T0029-GRPROD-TG,3.0,B7284T0029-GRPROD,2.0,PALETTISEUR P432-SCARA (P432-20) CERMEX
B7214T0008-TRANSM,2.0,B7214T0008,1.0,SOUFFLEUSE SBO 20 SIDEL
B7105T0117,2.0,B6225T0001-S020,1.0,CUVE NEP 5X4000L(SDA)
B7214T0010-TRANSF,2.0,B7214T0010,1.0,SOUFFLEUSE SBO 20 SIDEL
B7216T0011-TRANSF-ES,3.0,B7216T0011-TRANSF,2.0,REMPLISSEUSE Combi SF SELECT GL 90/15C SIDEL FILLING/BOUCHEUSE TOURELLE  T15 / 540 ZALKIN
B3669T0030,1.0,,,"COMPRESSEUR 40 BARS A VIS EXEMPT D HUILE ""ZDXTEND315/160 VSD"""
B7258T0001-POSTCO,2.0,B7258T0001,1.0,CONTRÔLE BOUCHON / NIVEAU HEUFT Basic V3.4
BEC-ADM-REFEC_ELEC,1.0,,,INSTALLATIONS ELECTRIQUE REFECTOIRE
B3677R0005,1.0,,,SECHEUR LEGUMES SECS (FD750)
B7214T0008-ALPREF,2.0,B7214T0008,1.0,SOUFFLEUSE SBO 20 SIDEL
B7214T0010-RS-PS-04,4.0,B7214T0010-RS-PS,3.0,SOUFFLEUSE SBO 20 SIDEL
B7214T0007-TRANSF-TB,3.0,B7214T0007-TRANSF,2.0,SOUFFLEUSE SBO 20 SIDEL
B7214T0010-RS-PS-10,4.0,B7214T0010-RS-PS,3.0,SOUFFLEUSE SBO 20 SIDEL
B7214T0010-FOURIR-RE,3.0,B7214T0010-FOURIR,2.0,SOUFFLEUSE SBO 20 SIDEL
B7272T0027-S061,3.0,B7272T0027-S004,2.0,FARDELEUSE VARIOPAC PRO
B8602T0009,1.0,,,CHAUDIERE LOOS N°04
V12-616A2,3.0,B6522R9999-22,2.0,FILTRE NIAGARA-  616A2
B7284T0029-GRPROD,2.0,B7284T0029,1.0,PALETTISEUR P432-SCARA (P432-20) CERMEX
BEC-ECL EXT,1.0,,,ECLAIRAGE EXTERIEUR
B6235T8001-J49,3.0,B6235T8001-J07,2.0,MIXER MAS MIX 60/60
B7228T0052-C215,3.0,B7228T0052-C104,2.0,LIGNE SUCRE MORCEAU 1
 BCH09-SYDESN-01,2.0,B9305T0005,1.0,BATIMENTS
BEC-CHANTIER,1.0,,,CHANTIER
B7217T0002-S002,2.0,B7217T0002,1.0,SOUTIREUSE
B7290T0003-EQSOMA-CR,3.0,B7290T0003-EQSOMA,2.0,BANDEROLEUSE AVEC COURONNE TOURNANTE GENESIS FUTURA L1
B6225T0001-S002,1.0,,,CUVES MATURATION
B7252T0029-TRANSM-EE,3.0,B7252T0029-TRANSM,2.0,ETIQUETEUSE OPERA 300 SACMI
B7284T0029-GRPROD-PO,3.0,B7284T0029-GRPROD,2.0,PALETTISEUR P432-SCARA (P432-20) CERMEX
B7252T0021-STSUPE-TM,3.0,B7252T0021-STSUPE,2.0,ETIQUETEUSE OPERA 300 SACMI
LLK-AC-2350B,1.0,,,Compresseur 40 bars TEMPO 2350 B
B7759T0020-PACKS,2.0,B7759T0020,1.0,CONVOYEUR MECANIQUE  GEBO
LLK-AC-1850E-ARMELE,2.0,LLK-AC-1850E,1.0,Compresseur 40 bars TEMPO 1850 E Cojek
B7272T0016-ARMELE-CE,3.0,B7272T0016-ARMELE,2.0,FARDELEUSE TSM 4 SDI CERMEX-OC
B6225T0001-S313,1.0,,,SYSTEME DETECTION AZOTE
B7214T0010-TRANSF-TB,3.0,B7214T0010-TRANSF,2.0,SOUFFLEUSE SBO 20 SIDEL
B7290T0004-EQSOMA-TE,3.0,B7290T0004-EQSOMA,2.0,BANDEROLEUSE AVEC COURONNE TOURNANTE GENESIS FUTURA L2
B8780R0041,1.0,,,UNITE DE FLOTTATION A AIR DISSOUS DAF INFILCO
B7274T0001-APLPOI,2.0,B7274T0001,1.0,POSEUSE DE POIGNEE M.E.T.E TWIN PACKS
B6524T3000-B001,1.0,,,FILTRE A POCHE S566N-SDA 
B8636T8004,1.0,,,TOUR DE REFROIDISSEMENT RB
BEC-ADM-DMC-ETG1-ELC,1.0,,,INSTALLATIONS ELECTRIQUE ETAGE 1 CMS ET ARCHIVES
DMC-COMMUN,1.0,,,COMMUN
B7272T0016-ENTPRO-CD,3.0,B7272T0016-ENTPRO,2.0,FARDELEUSE TSM 4 SDI CERMEX-OC
B3970T0244-ARMELE,2.0,B3970T0244,1.0,Armoire de Gestion Compresseurs 40 Bars
B8657T0051,1.0,,,CENTRALE DE TRAITEMENT D'AIR NOUVELLE SIROPERIE(SDA)
LLK-AC-RLRA,1.0,,,Compresseur 7 bar RLR 150 AIR WORTHINGTON A
B6335T0001,1.0,,,BAC DE REFONTE M160
B8278T0201,1.0,,,TOURNIQUET MOTORISE PLEIN HAUTEUR SIMPLE PASSAGE POSTE 05
B9304T0001,1.0,,,BASE VIE
B3971T0037-COMPEL,2.0,B3971T0037,1.0,Armoire Batterie Condensateur 02
B3971T0038-COMPEL,2.0,B3971T0038,1.0,Armoire Batterie Condensateur 03
BEC-SALEBHAR-ELEC,1.0,,,INSTALLATIONS ELECTRIQUE DEPOT SIDI ALI ELBHAR
B7214T0010-RS-PS-03,4.0,B7214T0010-RS-PS,3.0,SOUFFLEUSE SBO 20 SIDEL
B6518T0002,1.0,,,RAFFINEUSE(SDA)
,,,,PRESSE D'INJECTION PREFORMES 04 HYPET 400
B7214T0007-RS-PS-13,4.0,B7214T0007-RS-PS,3.0,SOUFFLEUSE SBO 20 SIDEL
B7274T0001-APLPOI-DA,3.0,B7274T0001-APLPOI,2.0,POSEUSE DE POIGNEE M.E.T.E TWIN PACKS
B7284T0006,1.0,,,PALETTISEUR CERMEX P421  N°30751
BMA22-ONDULE-01,2.0,B3970T0002,1.0,MCC
B9720T3000-B001,1.0,,,CHAUDRONNERIE RAFFINERIE 3500T
B7217T0002-S309,3.0,B7217T0002-S004,2.0,SOUTIREUSE
B7272T0015-FOURFA-CC,3.0,B7272T0015-FOURFA,2.0,FARDELEUSE TSM 4 SDI CERMEX-OC
BCH05-CONMEC-07,2.0,B7286T0009,1.0,BANDEROLEUSE ROBOPAC HS40 N° 309050087
B8657T0026-BLS,1.0,,,ARMOIRE CLIMATISATION CIAT DX 30
B7103T0332,2.0,B8713T8001-J08,1.0,RESERVOIRS DE DOSAGE PRODUITS CHIMIQUES
LLK-AC-2350A-ENTRAI,2.0,LLK-AC-2350A,1.0,Compresseur 40 bars TEMPO 2350 A
B4600R3000-B047,2.0,B6510R0001-B003,1.0,TURBINE CONTINUE S855N
B6514M0184-R002,2.0,B6514T0031,1.0,CENTRIFUGEUSE DISCONTINUE MCR2 1S017
B7105T0124,1.0,,,CUVE FORMULATION N°01
B7214T0007-RS-PS-12,4.0,B7214T0007-RS-PS,3.0,SOUFFLEUSE SBO 20 SIDEL
B7252T0021-ARMELE-CL,3.0,B7252T0021-ARMELE,2.0,ETIQUETEUSE OPERA 300 SACMI
BEC-ADM-ETAG1_ELEC,1.0,,,INSTALLATIONS ELECTRIQUE 1ER ETAGE R+3
BEC-ADM-R1-ETAG1_ELC,1.0,,,INSTALLATIONS ELECTRIQUE 1ER ETAGE R+1
LLK-AC-1850D-ARMELE,2.0,LLK-AC-1850D,1.0,Compresseur 40 bars TEMPO 1850 D
,,,,ETIQUETEUSE OPERA 300 SACMI
B7286T0001-S004,2.0,B7286T0024,1.0,BANDEROLEUSE ATLANTA
B7217T0002-S317,3.0,B7217T0002-S004,2.0,SOUTIREUSE
B3970T0129,2.0,BLS-MCC,1.0,MCC
B7252T0022-ARMELE-CE,3.0,B7252T0022-ARMELE,2.0,ETIQUETEUSE OPERA 300 SACMI
B7272T0017-CIRGRA-GT,3.0,B7272T0017-CIRGRA,2.0,FARDELEUSE L3
B7759T0019-STALUB,2.0,B7759T0019,1.0,CONVOYEUR MECANIQUE  GEBO
B7759T0020-STALUB,2.0,B7759T0020,1.0,CONVOYEUR MECANIQUE  GEBO
B7252T0021-REGLAG-GE,3.0,B7252T0021-REGLAG,2.0,ETIQUETEUSE OPERA 300 SACMI
B4742A1150-K002,2.0,B7252T0022,1.0,ETIQUETEUSE OPERA 300 SACMI
B7790T0038,1.0,,,RAMPE DE CHARGEMENT N°02
B7214T0010-RS-PS-20,4.0,B7214T0010-RS-PS,3.0,SOUFFLEUSE SBO 20 SIDEL
B7790T0037,1.0,,,RAMPE DE CHARGEMENT  N°01
B7790T0039,1.0,,,RAMPE DE CHARGEMENT N°03
BLS-LIGNE PRELAVAGE2,1.0,,,LIGNE PRELAVAGE2
B7252T0022-GRETIQ-EF,3.0,B7252T0022-GRETIQ,2.0,ETIQUETEUSE OPERA 300 SACMI
B7258T0012,1.0,,,CHECKMAT SORTIE ETIQUETEUSE
B7723T0004-SUL,2.0,B7723T0004,1.0,DRG450-60S5
CEV-AGRO-ALIM,1.0,,,RESEAU ANTI-INCENDIE CEVITAL AGRO-ALIMENTAIRE
B3970T0192,1.0,,,ARMOIRE CONTRÔLE TURBINE 1
B6220T0001-S020,3.0,B6220T0001-S008,2.0,VMC  A(SDA)
B9305T0001-PORSAS,1.0,,,PORTES SAS MATIERES 
B6533T0004,1.0,,,FILTRE PRESS S370
B8009T0003,1.0,,,PONT BASCULE WAGON
B4600R2000-A038,2.0,B6566T0003,1.0,CUITE R2 A622
B7216T0012-ARMELE-AU,3.0,B7216T0012-ARMELE,2.0,REMPLISSEUSE Combi SF SELECT GL 90/15C SIDEL FILLING/BOUCHEUSE TOURELLE  T15 / 540 ZALKIN
B7272T0015-FOURFA,2.0,B7272T0015,1.0,FARDELEUSE TSM 4 SDI CERMEX-OC
BCH05-CONMEC-11,3.0,BCH05-CONMEC-07,2.0,BANDEROLEUSE ROBOPAC HS40 N° 309050087
BCH11-PARTFIX-07,2.0,B6046D0201,1.0,MOULE BOUCHON COL 48  32 EMPREINTES A UN ETAGE
B7214T0007-TRANSM-TR,3.0,B7214T0007-TRANSM,2.0,SOUFFLEUSE SBO 20 SIDEL
BCH02-CUVREM-01,2.0,B7216T0002,1.0,REMPLISSEUSE COSMOS 54/18 N° 14610
BCH03-CUVREM-01,2.0,B7216T0003,1.0,REMPLISSEUSE HEMA MRH24/24 E8 BE 7453
B7284T0029-PALPRO-EL,3.0,B7284T0029-PALPRO,2.0,PALETTISEUR P432-SCARA (P432-20) CERMEX
B6001T0017-UNIFER,2.0,B6001T0017,1.0,PRESSE D'INJECTION PREFORMES 03 HYPET 400
BCH01-CONMEC-05,2.0,B7284T0034,1.0,PALETTISEUR AUTOMATIQUE EMS MT 574
B7723T0001-SGE,2.0,B7723T0001,1.0,PORTIQUE SUR PNEUS RTG
B9704-BEU-CHAUDRO,1.0,,,CHAUDRONNERIE
BLS-19177,1.0,,,SEMI-REMORQUE CITERNE  / 191477
B7252T0033,1.0,,,ETIQUETEUSE FARDEAUX LOGOPACK
B4600R3000-R061,2.0,B8657T0026,1.0,CLIMATISEUR CIAT DXA36 SALLE TGBT
B3971T0037,1.0,,,Armoire Batterie Condensateur 02
BCH01-CUVREM-01,2.0,B7216T0014,1.0,MONOBLOC DE REMPLISSAGE/BOUCHAGE
B7752R0123-A001,2.0,B7752T0123,1.0,TRANSPORTEUR  BANC COUSEUR N°2
UPL-B6005T-001,2.0,SYS-IP,1.0,Système Injection  Palette
BCH04-CUVREM-01,2.0,B7216T0004,1.0,REMPLISSEUSE HEMA MRH12/16 V6 7450
B7105T0099,3.0,B6225T0003-S051,2.0,STOCKAGE PRIMAIRE MOUTARDE
B6333R0003-A001,2.0,B6533T0003,1.0,FILTRE PRESS S360
BCH02-TRANSF-03,3.0,BCH02-TRANSF-01,2.0,SOUFFLEUSE SBO10 - 710
BCH05-CUVREM-01,2.0,B7216T0005,1.0,REMPLISSEUSE MRH 36/48 V6 BE7485
B8602T0014-J01,2.0,B8602T0014,1.0,BACHE A EAU BABCOCK
B8602T0014-J05,1.0,,,COLLECTEUR DE VAPEUR BOISSONS 4BAR
B6001T0005-UNIFER,2.0,B6001T0005,1.0,PRESSE D'INJECTION PREFORMES 05 HYPET 400
B3602R0092-R001,3.0,B3623R0062-R001,2.0,BAC DE REFONTE INOX AISI 304L / 1T043
BS2-ECL,1.0,,,Eclairage batiment
B3503R0065,1.0,,,BAC MELASSE 60T1
B3668T0201,1.0,,,"Compresseur 40Bars SIAD ""B"" TEMPO 1850 KC 10656 / 10B"
B7214T0007-CIREAU-01,3.0,B7214T0007-CIREAU,2.0,SOUFFLEUSE SBO 20 SIDEL
B7214T0007-ALPREF-RC,3.0,B7214T0007-ALPREF,2.0,SOUFFLEUSE SBO 20 SIDEL
TIC-622,3.0,B6346R9999-08,2.0,REACTEUR-DECOLORATEUR-622/21
B6364T0004-ARMELE,2.0,B6364T0004,1.0,CARBONATEUR
B3513R0826-R002,3.0,B3623R0612-R002,2.0,BAC EGOUT R3 1T025
B7217T0002-S311,3.0,B7217T0002-S004,2.0,SOUTIREUSE
B4600R3000-R038,2.0,B7103T0247,1.0,BAC EN INOX AISI 304L / T939
B7214T0007-FOURIR,2.0,B7214T0007,1.0,SOUFFLEUSE SBO 20 SIDEL
B6001T0006-EXTRUD-FO,3.0,B6001T0006-EXTRUD,2.0,PRESSE D'INJECTION PREFORMES 04 HYPET 400
B7103T0070-STOCK2-PM,3.0,B7103T0070-STOCK2,2.0,STOCKAGE WT
B7284T8001-J06,2.0,B7284T8001,1.0,PALETTISEUR P432-SCARA
B7858R0005-207,2.0,B7858T0017,1.0,Silo  C7
LLK-AC-1850C-ETACOM,2.0,LLK-AC-1850C,1.0,Compresseur 40 bars TEMPO 1850 C
B6225T0001-S020,1.0,,,CUVE NEP 5X4000L(SDA)
B7222T0008-J01,1.0,,,Remplisseuse semi automatique seau SAUCES
B7284T0029-PALPRO-TA,3.0,B7284T0029-PALPRO,2.0,PALETTISEUR P432-SCARA (P432-20) CERMEX
B7752R0124-A001,2.0,B7752T0124,1.0,TRANSPORTEUR BANC COUSEUR N°3
BEC-ALLEES-PG3-ELEC,1.0,,,INSTALLATIONS ELECTRIQUE POSTE DE GARDIENNAGE 3
DEPARTEMENT  ENGINEE,1.0,,,Bureau Méthode département engineering
B7202T8002-J04,3.0,B7202T8002-J11,2.0,DECAISSEUSE
B7214T0010-FOURIR-MC,3.0,B7214T0010-FOURIR,2.0,SOUFFLEUSE SBO 20 SIDEL
LLK-AC-1850C-ENTRAI,2.0,LLK-AC-1850C,1.0,Compresseur 40 bars TEMPO 1850 C
B7222T8003-J07,3.0,B7222T8003-J13,2.0,ROBOT DE CONDIT - ENCAISSEUSE -
B7252T0032-S006,2.0,B7252T0032,1.0,ETIQUETEUSE
B7790T0050-COFELE,2.0,B7790T0050,1.0,QUAI DE CHARGEMENT N°03
B8713T0014,1.0,,,UNITE D OSMOS 2° PASSE
B3606R0552,1.0,,,POMPE A DOUBLE MEMBRANE PNEUMATIQUE
B7105T0131-J01,1.0,,,SKID VANNE PREPARATION
BCH01--ROSOUF-01,2.0,B7214T0014,1.0,SOUFFLEUSE SACMI SBF6XL
LLK-SP-NEP,1.0,,,NEP siroperie
B7254T0141,1.0,,,DATEUR INDUSTRIEL A JET D ENCRE
B7290T0004-EQSOMA-CR,3.0,B7290T0004-EQSOMA,2.0,BANDEROLEUSE AVEC COURONNE TOURNANTE GENESIS FUTURA L2
BEC-ADM-DOP-ELEC,1.0,,,INSTALLATIONS ELECTRIQUE BLOC ADM DOP
B7214T0010-RS-PS-12,4.0,B7214T0010-RS-PS,3.0,SOUFFLEUSE SBO 20 SIDEL
BCH10-CUVREM-01,2.0,B7216T0007,1.0,"DOSEUSE PONDERALE ""HEMA GW 24/8 C N°7701"
B7258T0003-DISEJE-EJ,3.0,B7258T0003-DISEJE,2.0,CONTRÔLE ETIQUETTE 944/L FT SYSTEM
B6047D0008,1.0,,,MOULE 38 GR
B6225T0005,1.0,,,APLATISSEUR POTENTIEL POUR GRAINES DE MOUTARDE
B9305T0003,1.0,,,Local électrique TGBT
B7284T0029,1.0,,,PALETTISEUR P432-SCARA (P432-20) CERMEX
B7286T0019-CBA,2.0,B7286T0019,1.0,BANDEROLEUSE AVEC COURONNE TOURNANTE GENESIS FUTURA L1
B6001T0006,1.0,,,PRESSE D'INJECTION PREFORMES 04 HYPET 400
B8716T0010,1.0,,,Adoucisseur TWIN 9500 - 2X200L -SXT- CAPTEUR INOX
B3970T0253-COMPEL,2.0,B3970T0253,1.0,Armoire de gestion climatisation CTA
B3970T0255,1.0,,,Armoire Eclairage Bureaux Techniques et Prises de Courant
B7752T0021,1.0,,,TRANSPORTEUR A BANDE         TB14
B8638T0057,1.0,,,CHILLER SOUFFLEUSE
LLK-RSI-BINT,1.0,,,BOUCLE INTERNE RESEAU ANTI-INCENDIE
B3624R0202,1.0,,,RESEAU ANTI INCENDIE
B3652T0013,1.0,,,CLIMATISEUR MCC CIAT 5000 CLIMC5B
B3652R1013-A002,2.0,B3652T0016,1.0,CLIMATISEUR MCC YORK CLIMYC
B6502T0004,1.0,,,SEPARATEUR DE NEUTRALISATION - B20S1
B7284T0027-ENTPRO-TS,3.0,B7284T0027-ENTPRO,2.0,PALETTISEUR P432-SCARA (P432-20) CERMEX
B9018U0101-HS001,2.0,BHS_ENS_RAI,1.0,Ensemble Réseau Anti Incident
B3503R0070,1.0,,,TRANSPORTEUR A ABNDE TB22B
B6225T0001-S310,2.0,B6225T0001-S003,1.0,CUVES TAMPON
B8654T0004-D001,2.0,BLS-FROID-D002,1.0,CLIMAT+549:4125ISEURS SALLE TGBT
B3652T0009,1.0,,,CLIMATISEUR TGBT CIAT 12000 CLIMC12A
B7638T0118,1.0,,,CHARGEUR VOLVO N°4
B7723T0001-SRC,2.0,B7723T0001,1.0,PORTIQUE SUR PNEUS RTG
B7754T0010,1.0,,,TRANSPORTEUR A CHAINE REDLER A155
B3539T-002,3.0,UPL-B8638T-001,2.0,Système Refroidissement Palette
B3970T0301,2.0,B6225T0001-S030,1.0,GROUPE ARMOIRES
B7214T0007-RS-CC,3.0,B7214T0007-RS,2.0,SOUFFLEUSE SBO 20 SIDEL
B6310R0001,2.0,B6310T0001,1.0,EMPATEUR M104
B3668T8005,1.0,,,COMPRESSEUR N°02
B8638T0039-ARMELE,2.0,B8638T0039,1.0,Refroidisseurs CTA 2/2 TRANE-FIORINI
DMC-HSTCK-SDAL-DIVER,2.0,,,HONGAR DE STOCKAGE DES INTRANTS PAKAGING
B6046D0201,1.0,,,MOULE BOUCHON COL 48  32 EMPREINTES A UN ETAGE
B7222T8003-J12,2.0,B7222T8003,1.0,ROBOT DE CONDIT - ENCAISSEUSE -
B7752T0170,1.0,,,"Convoyeur "" Soft Drop '' 02"
B3602R9000-J100,2.0,B3602R9550-J100,1.0,GROUPE MOTOPOMPE
B6010T0007,1.0,,,Presse n° 07
B7214T0007-RS-PS-19,4.0,B7214T0007-RS-PS,3.0,SOUFFLEUSE SBO 20 SIDEL
B8636T0040,1.0,,,Tour de refroidissement BALTMORE AIRCOIL
BEC-ADM-DMC-ETG2-ELC,1.0,,,INSTALLATIONS ELECTRIQUE ETAGE 2 DMC
B7214T0008-ALPREF-OD,3.0,B7214T0008-ALPREF,2.0,SOUFFLEUSE SBO 20 SIDEL
B7284T0026-ARMELE-CE,3.0,B7284T0026-ARMELE,2.0,PALETTISEUR P432-SCARA (P432-20) CERMEX
B3970T0250,1.0,,,ARMOIRE ELECTRIQUE HOMOGENEISATEUR PET
B6001T0016,1.0,,,PRESSE D'INJECTION PREFORMES 02 HYPET 400
B6220T0001-S110,3.0,B6220T0001-S007,2.0,VMC  A(SDA)
B7214T8001-J89,3.0,B7214T8001-J09,2.0,SOUFFLEUSE SBO 20 5767
BEC-ADM-R3-UTIL-ELEC,1.0,,,INSTALLATIONS ELECTRIQUE 3E ETAGE R+3
B6220T0001-S105,3.0,B6220T0001-S006,2.0,VMC  A(SDA)
B6315T0002,1.0,,,HOMOGENEISATEUR 1
B3623R0062-R001,2.0,B7103T0244,1.0,BAC DE REFONTE INOX AISI 304L / 1T043
B7286T0024,1.0,,,BANDEROLEUSE ATLANTA
B7634T0126,1.0,,,REMORQUE CONTENEUR VAN HOOL POUR SUCRE N°01
B4378R0051-U001,2.0,B8603T0100,1.0,CHAUDIERE STEIN N°01
B3602T8004-J02,3.0,B3602T8004,2.0,GROUPE ELECTROPOMPE
B6225T0001-S300,2.0,B6225T0001-S003,1.0,CUVES TAMPON
B6535R0200-U006,1.0,,,SKID FILTRES A CARTOUCHES
B7752T0108,1.0,,,TRANSPORTEUR A BANDE        TB14C
B7752T0115,1.0,,,TRANSPORTEUR A BANDE       TB22B
B3623R6001-J01,1.0,,,GROUPE MOTOPOMPE IMMERGE
B6574T0001,1.0,,,SECHEUR LINADRY
BCH05-PRESSE-01,3.0,BCH05-ASCENS-01,2.0,PALETTISEUR 5LA CERMEX P432   / N° 39109
B4688R0205-A007,1.0,,,VANNE DE REGULATION DE SIROP DE PETIT VIDE DE LA CUITE A622
B6225T0003-S105,3.0,B6225T0003-S033,2.0,BROYAGE MOUTARDE
B6225T0003-S099,2.0,B6225T0003-S007,1.0,GROUPE ACCESSOIRES
B6522T0070,1.0,,,FILTRE DE DEPOUSSIERAGE FTR2
B6522T0122,1.0,,,Filtre dépoussiérage pied tb7
B8673R0004,2.0,B6530T0019,1.0,Filtre de  depoussierage systeme Comessa F730E
B7752T0010,1.0,,,Transporteur à bande TB10
B8673R0001,2.0,B8673T0002-BS1,1.0,VENTILATEUR D'ASSAINISSEMENT P734
B3503R0073,1.0,,,MOTEUR TRANSPORTEUR A BANDE   TB14C
B7638T0025,1.0,,,CHARGEUR VOLVO N°1
B7714T0003,1.0,,,ELEVATEUR A GODET                  E2
B7714T0030,1.0,,,ELEVATEUR A  GODETS ELN3
B7752T0056,1.0,,,TRANSPORTEUR A BANDE        TBC3
B7752T0169,1.0,,,"Convoyeur "" Soft Drop '' 01"
BSL_OS_CLIENT2,1.0,,,POSTE DE SUPERVISION : OS_CLIENT2
B3623R9900-HS002,1.0,,,Pompe Thermique Incendie à eau Perdue TYPE AURORA
B6070T0001,1.0,,,Assembleuse 01 litre
B8638R9999-D001,2.0,B8637T0005,1.0,GROUPE REFRIGERANT A1600 TRANE (ancien)
LANTERNAU EL3N,1.0,,,LANTERNAU EL3N
,,,,Pompe Thermique Incendie à eau Perdue TYPE AURORA
B3679R0101-HS001,1.0,,,Ballon hydropneumatique
B7284T8001-J01,2.0,B7284T8001,1.0,PALETTISEUR P432-SCARA
B7503R-HSE,1.0,,,Moteur diesel CLARKE JOHN DEERE RE508322
B7702T0002,1.0,,,CHARIOT ELEVATEUR 3T
B8657T0040,1.0,,,Compresseur d'air N°1
B6225T0003-S003,1.0,,,BROYAGE MOUTARDE
B4600R3000-R041,2.0,B7103T0236,1.0,BAC LIQUEUR D ALIMENTATION INOX AISI 304L LSR2 / 1T005
BCH11-PCOCOM-04,2.0,B6005T0002,1.0,PRESSE INJECTION BOUCHONS N°04
B7272T0028-S005,2.0,B7272T0028,1.0,FARDELEUSE VARIOPAC PRO
B9305T0002-1,1.0,,,ATELIER
BEC-ADM-REZ_ELEC,1.0,,,INSTALLATIONS ELECTRIQUE REZ DE CHAUSEE R+2
B3970T0117,1.0,,,MCC5
B6001T0017-CIRHYD,2.0,B6001T0017,1.0,PRESSE D'INJECTION PREFORMES 03 HYPET 400
BCH10-ROSOUF-01,2.0,B7214T0001,1.0,SOUFFLEUSE SBO10 - 700
B7752T0016,1.0,,,TRANSPORTEUR A BANDE         TB1A
B7752T0057,1.0,,,TRANSPORTEUR A BANDE        TB1B
BS2_A983-3N_HMI,1.0,,,Pupitre Opérateur: Compresseur d'Air Process A983-3N
LLK-AC-MTA1-CIRFRI,2.0,LLK-AC-MTA1,1.0,Secheur  MTA
B7752T0018,1.0,,,TRANSPORTEUR A BANDE         TB2
B7858R0006-223,2.0,B7858T0033,1.0,Silo  C23
BLS-FROID-D002,1.0,,,CLIMAT+549:4125ISEURS SALLE TGBT
B7272T0016-FOURFA-CC,3.0,B7272T0016-FOURFA,2.0,FARDELEUSE TSM 4 SDI CERMEX-OC
B7752T0020,1.0,,,TRANSPORTEUR A BANDE         TB7
B7638T0119,1.0,,,CHARGEUR LONKING
B7660H4116-201,2.0,B7634T0126,1.0,REMORQUE CONTENEUR VAN HOOL POUR SUCRE N°01
B7638T0116,1.0,,,CHARGEUR VOLVO N°3
B7752T0017,1.0,,,TRANSPORTEUR A BANDE         TB1C
B7754T0004,1.0,,,TRANSPORTEUR A CHAINE       TC5A
B7867T0001,1.0,,,tremie 1
BCH06-ETACOM-25,2.0,B3668T0202,1.0,"Compresseur 40Bars SIAD ""C""  TEMPO 1850    KC 10656 / 10C"
B3604R0102-R001,3.0,B3623R0612-R001,2.0,BAC EGOUT R3 1T025
B4600R3000-R014,2.0,B7103T0242,1.0,BAC A SIROP LSR2 INOX AISI 304L / 1T039
B7214T0004,1.0,,,SOUFFLEUSE SBO4 - 403
B7252T0031,1.0,,,CONTRÔLE ETIQUETTES FT SYSTEM
BCH04-PREFRM-01,2.0,B7284T0004,1.0,PALETTISEUR CERMEX P432-10-37699
B8636T0040-SECECH,2.0,B8636T0040,1.0,Tour de refroidissement BALTMORE AIRCOIL
B6001T0015-EXTRUD-FO,3.0,B6001T0015-EXTRUD,2.0,PRESSE D'INJECTION PREFORMES 01 HYPET 400
B7858T0014,1.0,,,Silo  C4
B7752T0026,1.0,,,TRANSPORTEUR A BANDE         TB4
B6001T0015-EXTRUD-TR,3.0,B6001T0015-EXTRUD,2.0,PRESSE D'INJECTION PREFORMES 01 HYPET 400
B7274T0001-ENTRAI-EB,3.0,B7274T0001-ENTRAI,2.0,POSEUSE DE POIGNEE M.E.T.E TWIN PACKS
B7754T0003,1.0,,,TRANSPORTEUR A CHAINE       TC4
B7754T0009,1.0,,,TRANSPORTEUR A CHAINE       TC10
B3623T0034,1.0,,,GROUPE ELECTROPOMPE CENTRIFUGE P201-A
,,,,Remplisseuse semi automatique seau ASSILA
B7252T0022-STINFE-CA,3.0,B7252T0022-STINFE,2.0,ETIQUETEUSE OPERA 300 SACMI
B7752T0050,1.0,,,TRANSPORTEUR A BANDE        TB9A
B7858R0006-204,2.0,B7858T0014,1.0,Silo  C4
B7752T0025,1.0,,,TRANSPORTEUR A BANDE         TB3
BEC-MAG-BS1-FRD,1.0,,,EQUIPEMENTS FROID ET CLIMATISATION MAGASIN RAFFINERIE DE SUCRE 3000T
B3623R0613-R002,2.0,B7103T0243,1.0,BAC A EGOUT R2 INOX AISI 304L / 1T042
B7210T8005-J11,2.0,B7210T8005,1.0,LAVEUSE CASIERS BOUTEILLES KRONES
B6225T0001-S095,2.0,B6225T0001-S001,1.0,CUVERIE EXTERIEUR
B7214T0008-ALPREF-RC,3.0,B7214T0008-ALPREF,2.0,SOUFFLEUSE SBO 20 SIDEL
BCH02-MANENT-01,4.0,BCH02-CUVFIL-01,3.0,REMPLISSEUSE COSMOS 54/18 N° 14610
B7752T0045,1.0,,,TRANSPORTEUR A BANDE        TB8D1
B7752T0110,1.0,,,TRANSPORTEUR A BANDE        TB19B
BRH-BAT-CHAUDR,2.0,BATIMENT-RAFF HUILE,1.0,BATIMENTS RAFFINERIE D HUILE
BCH08-INSTRU-05,2.0,B7101T0046,1.0,BACS 400T    A
BCH08-INSTRU-04,2.0,B7101T0047,1.0,BACS 400T    B
BCH08-INSTRU-06,2.0,B7101T0048,1.0,BACS 400T    C
BCH08-INSTRU-07,2.0,B7101T0049,1.0,BACS 400T    D
B3604R0102-R008,3.0,B3623R0613-R002,2.0,BAC A EGOUT R2 INOX AISI 304L / 1T042
BCH01-DIVBOU-01,2.0,B7259T0025,1.0,SYSTEME DE CONVOYEURS BOUTEILLES COMBI 5L / 10 / 4L - BX
B7286T0006,1.0,,,BANDEROLEUSE ROBOPAC
B7858T0011,1.0,,,Silo  C1
B6522T0075,1.0,,,FILTRE DE DEPOUSSIERAGE  FTB14A
B7752T0027,1.0,,,TRANSPORTEUR A BANDE         TB5A
B7752T0029,1.0,,,TRANSPORTEUR A BANDE         TB6
B7752T0024,1.0,,,TRANSPORTEUR A BANDE         TB15B
B3503R0066,1.0,,,BAC MELASSE 60T2
B6220T0001-S009,2.0,B6220T0001,1.0,VMC  A(SDA)
B7858T0035,1.0,,,SILO HORIZENTAL (HANGAR)
B6047D0003,1.0,,,MOULES 86 GR
B7272T0015-ARMELE-CE,3.0,B7272T0015-ARMELE,2.0,FARDELEUSE TSM 4 SDI CERMEX-OC
B7752R0030,2.0,B7752T0006,1.0,CONVOYEUR A SUCRE HUMIDE A700
B3628R-004,3.0,UPL-B6050T-004,2.0,Système d'Alimentation Matière Palette
B3673T0012,1.0,,,COMPRESSEUR LÉGUMES SECS
B6001T0016-UNIROB-PH,3.0,B6001T0016-UNIROB,2.0,PRESSE D'INJECTION PREFORMES 02 HYPET 400
B6570T0001,1.0,,,TAMBOUR SECHEUR A702
BEC-ADM-DOP-FRD,1.0,,,EQUIPEMENTS FROID ET CLIMATISATION BLOC ADM DOP
BEC-MAG-CENT-FRD,1.0,,,EQUIPEMENTS FROID ET CLIMATISATION MAGASIN ABOUDAOU
BS1_S855E_S7-315,1.0,,,Automate Programmable: Turbine S855E
B6053T0004,1.0,,,SECHEUR PIOVAN
B6522T0045,1.0,,,FILTRE DE DEPOUSSIERAGE F7
DMC-DIV-UNITÉS-CHAUD,1.0,,,Travaux de chauderaunnerie UMO
B7638T0024,1.0,,,CHARGEUR VOLVO N°2
B6225T0001-S021,1.0,,,GROUPE POMPE CIP
B7214T0007-DEPOUS-RT,3.0,B7214T0007-DEPOUS,2.0,SOUFFLEUSE SBO 20 SIDEL
B7752T0051,1.0,,,TRANSPORTEUR A BANDE        TB9B
B7752T0107,1.0,,,TRANSPORTEUR A BANDE        TB14B
B7752T0109,1.0,,,TRANSPORTEUR A BANDE        TB19A
B9719T3000-B001,1.0,,,ELECTRICITE
B7214T0007-ARMELE,2.0,B7214T0007,1.0,SOUFFLEUSE SBO 20 SIDEL
BCH01-TRANSM-04,2.0,B7252T0036,1.0,ETIQUETEUSE FORMAT 5L/10L/4LB (ROLL FED + ADH)
B7284T0026-PALPRO,2.0,B7284T0026,1.0,PALETTISEUR P432-SCARA (P432-20) CERMEX
B7286T0019-ARMELE-CE,3.0,B7286T0019-ARMELE,2.0,BANDEROLEUSE AVEC COURONNE TOURNANTE GENESIS FUTURA L1
B7752T0106,1.0,,,TRANSPORTEUR A BANDE        TB14A
B7214T8001-J899,4.0,B7214T8001-J89,3.0,SOUFFLEUSE SBO 20 5767
B7228T0001-UMO,1.0,,,CHARIOT ELEVATEUR 3T UMO
B7752T0062,1.0,,,TRANSPORTEUR A BANDE        TB20A
B3970T0244,1.0,,,Armoire de Gestion Compresseurs 40 Bars
B7204T0002,1.0,,,REDRESSEUR DE BOUTEILLES LANFRANCHI
B7752T0171-SYTELE,2.0,B7752T0171,1.0,"Convoyeur "" Soft Drop '' 03"
B8641R0087,1.0,,,GRANDE TOUR REFROIDISSEMENT BALTIMORE VXC S 504
B3623R0258-02,2.0,B6346T0005,1.0,REACTEUR ACIDE-   02-211-502
B7214T0007-FOURIR-RF,3.0,B7214T0007-FOURIR,2.0,SOUFFLEUSE SBO 20 SIDEL
B7264T0002,1.0,,,ALIMENTATEUR BOUCHON E18.3148
B7638T0105,1.0,,,Chargeur Hyundai
B7867R0007-201,2.0,B7867T0001,1.0,tremie 1
BCH05-POUSSE-01,3.0,BCH05-PREFRM-01,2.0,PALETTISEUR 5LA CERMEX P432   / N° 39109
BCH05-POSOUF-02,3.0,BCH05-ROSOUF-02,2.0,SOUFFLEUSE SBO4 - 383
BCH05-ENTRAI-02,2.0,B7272T0006,1.0,FARDELEUSE CERMEX TSM3 SDI
B3602R0041-A002,2.0,B3623T0050,1.0,GROUPE ELECTROPOMPE CENTRIFUGE P4211
B7223T0001-S011,2.0,B7223T0001,1.0,BOUCHEUSE UNIMAC-GHERRI(SDA)
BCH02-ARMELE-02,2.0,B7750T0002,1.0,CONVOYEUR A AIR RAFALE N° 98025
B7101T0125,2.0,B8638R5990-J01,1.0,BAC DE STOCKAGE EAU CHILLER
B3970T0119,1.0,,,MCC2-1
B6047D0012,1.0,,,Moule 42Gr
B6070T0002,1.0,,,Assembleuse 02 litre
BCH04-ROSOUF-01,2.0,B7214T0004,1.0,SOUFFLEUSE SBO4 - 403
B7216T0012-REMPLI,2.0,B7216T0012,1.0,REMPLISSEUSE Combi SF SELECT GL 90/15C SIDEL FILLING/BOUCHEUSE TOURELLE  T15 / 540 ZALKIN
B8636T0047,1.0,,,TOUR DE REFROIDISSEMENT COMPRESSEUR 1
B9301T0003,1.0,,,STRUCTURE METALLIQUE DU BATIMENT « CHAUDIERES DE CARBONATATION RS2000T »
B3623R3403,2.0,B3602R5006-J01,1.0,GROUPE MOTOPOMPE
CUV-GAS,1.0,,,Cuve gasoil
B3503R0075,1.0,,,MOTEUR TRANSPORTEUR A BANDE TB21B
B6010R-VE6,3.0,B6010T0006-PFR,2.0,Presse n° 06
B6225T0001-S301,2.0,B6225T0001-S003,1.0,CUVES TAMPON
B7752T0023,1.0,,,TRANSPORTEUR A BANDE         TB15A
B9012U0050-HS001,2.0,BHS_ENS_RAI,1.0,Ensemble Réseau Anti Incident
BSL-BAT-ELEC,1.0,,,BATIMENT DOP ELECTRICITE
,,,,Presse n° 06
B7103T0117,1.0,,,BAC D ACIDE HCL 33% T1020
B4313R0044-02,3.0,B3623R0212-03,2.0,BAC EAU GLYCOLEE-878GL
B7214T0008-RS-PS-09,4.0,B7214T0008-RS-PS,3.0,SOUFFLEUSE SBO 20 SIDEL
B6522T0065,1.0,,,FILTRE DE DEPOUSSIERAGE FTB15B
B7237T0003,1.0,,,COUSEUSE DOUBLE D16
B7766T0009-SYTELE,2.0,B7766T0009,1.0,"CONVOYEUR "" SOFT DROP '' PI04"
B3970T0113,1.0,,,MCC1
B5368T0003,1.0,,,AUTOLAVEUSE
B6046D0103,1.0,,,Moule Verseur 2L
B7284T0027-PALPRO-EL,3.0,B7284T0027-PALPRO,2.0,PALETTISEUR P432-SCARA (P432-20) CERMEX
SYS-RCP,1.0,,,Système de Recyclage Palette
B3623T0114,2.0,B7103T0139,1.0,BAC A SAUMURE T160
B7214T0013-S135,3.0,B7214T0013-S003,2.0,SOUFFLEUSE
,,,,REMPLISSEUSE HEMA MRH24/24 E8 BE 7453
,,,,FARDELEUSE CERMEX TSP 45 SDI
,,,,BANDEROLEUSE  ROBOPAC HELIX HS30 N°4000090323
,,,,CONVOYEURS MECANIQUES 01P078
B7858R0006-208,2.0,B7858T0018,1.0,Silo  C8
BCH07-RIDAIR-04,3.0,BCH07-CEDIFAIR-01,2.0,"CENTRALE DE CLIMATISATION ""DCH"""
BCH09-GENCIV-01,2.0,B9305T0005,1.0,BATIMENTS
BLS-AUTRES-EQUIP,1.0,,,AUTRES EQUIPEMENTS
BLS-TUYAUTERIE-U400,1.0,,,TUYAUTERIE SUCRE LIQUIDE-U400
B6220T0002-S002,2.0,B6220T0002,1.0,VMC  B(SDA)
B7214T0013-S147,3.0,B7214T0013-S004,2.0,SOUFFLEUSE
B3548T0002,1.0,,,Réservoir de 3000 lt  SICC
B7214T0010-FOURIR-RF,3.0,B7214T0010-FOURIR,2.0,SOUFFLEUSE SBO 20 SIDEL
B7214T0010-ALPREF-BA,3.0,B7214T0010-ALPREF,2.0,SOUFFLEUSE SBO 20 SIDEL
B7284T0029-CIRPNE,2.0,B7284T0029,1.0,PALETTISEUR P432-SCARA (P432-20) CERMEX
B7752T0055,1.0,,,TRANSPORTEUR A BANDE        TBC1B
BMA-BAT-RESEAU_A_INC,1.0,,,RESEAU ANTI-INCENDIE_BATIMENT-MARGARINERIE
B7260T8001-J11,2.0,B7260T8001,1.0,PASTEURISATEUR REFROIDI À TUNNEL(SDA)
B7754T0007,1.0,,,TRANSPORTEUR A CHAINE        TC6B
BCH07-ARELEC-01,3.0,BCH07-CERELE-01,2.0,GROUPE SKID CLAUGER
B3527T0031,3.0,B6225T0001-S303,2.0,CUVES TAMPON
B6225T0001-S302,2.0,B6225T0001-S003,1.0,CUVES TAMPON
B6001T0015-UNIROB,2.0,B6001T0015,1.0,PRESSE D'INJECTION PREFORMES 01 HYPET 400
B7103T0284,1.0,,,BAC A EAU CHAUDE DE PROCESS INOX AISI 304L / 1T006
B7216T0011-ALBOUC,3.0,B7216T0011-BOUCHEUSE,2.0,REMPLISSEUSE Combi SF SELECT GL 90/15C SIDEL FILLING/BOUCHEUSE TOURELLE  T15 / 540 ZALKIN
B6522T0048,1.0,,,FILTRE DE DEPOUSSIERAGE F10
B7752T0060,1.0,,,TRANSPORTEUR A BANDE        TB16N
B3623T0135,2.0,BLS-HE550,1.0,CONDENSEUR EVAPORATEUR TUBULAIRE HE550
B3970T0003,1.0,,,ARMOIRE UTILITE 1000T/J
B3970T0264-02,1.0,,,ARMOIRE ECLAIRAGE-MCC -EXT
B6010T0009,1.0,,,Presse n° 09
B3623R0230-04,2.0,B6522T0003,1.0,FILTRE NIAGARA-      A26F1
B3623R0203-02,2.0,B7101T0017,1.0,BAC HUILE ACIDE- 2901B
B3623R0049-06,2.0,B7103T0135,1.0,BAC D'EAU SALE 1000T
B3623R0038-01,2.0,B7115T0002,1.0,BASSIN DES EAUX BAROMETRIQUES -A/B27-   HOTWELL N°1
B3623R0038-02,2.0,B7115T0002,1.0,BASSIN DES EAUX BAROMETRIQUES -A/B27-   HOTWELL N°1
B3623R0244-04,2.0,B7115T0009,1.0,BAC  FLORENTIN- 24F1
B3623R0001-07,2.0,B7115T0016,1.0,FOSSE DE RELEVAGE DU PARC DES HUILES BRUTES
,,,,SOUTIREUSE
B7258T8001-J03,2.0,B7258T8001,1.0,CONTRÔLE BOUCHON ET NIVEAU HEUFT
B8602T0001,1.0,,,CHAUDIERES HAUTE PRESSION   A27G1
PEP-1B,1.0,,,GROUPE ELCTROPOMPE D'EAU PROPRE VERS ECHANGEURS -PEP1B
B7252R8003,2.0,B7252T0032,1.0,ETIQUETEUSE
B7258T0013,1.0,,,INSPECTRICE METTLER-TOLEDO'RAYON X'(SDA)
B8636T0070,1.0,,,Pompes Distribution Eau Glacée Tour De Refroidissement
B3669T0034-SECH-CFRI,2.0,B3669T0034,1.0,Compresseur D'Air  01
B6055T0017,1.0,,,Deshumidificateur Moule Pra1800 Husky 02
B6335T0006,1.0,,,FONDOIR M160E
B7804T0003-BMA,2.0,B8627T0001,1.0,CHAMBRE FROIDE
BSL-SH150-TOUR5,1.0,,,Tour 5_technique
BCH04-PRESSE-01,3.0,BCH04-ASCENS-01,2.0,PALETTISEUR CERMEX P432-10-37699
B7752T0111,1.0,,,TRANSPORTEUR A BANDE        TB20B
B8638T0066,1.0,,,Station Pompe Distribution (01)
UFC-ATL,1.0,,,ATELIER DE MAINTENANCE 
B7867R0007-203,2.0,B7867T0002,1.0,tremie 2
B7284R0001-134,2.0,B7284T0001,1.0,PALETTISEUR A
B7284T0026-ENTPRO-CP,3.0,B7284T0026-ENTPRO,2.0,PALETTISEUR P432-SCARA (P432-20) CERMEX
B3970T0244-COMPEL,2.0,B3970T0244,1.0,Armoire de Gestion Compresseurs 40 Bars
B7103T7103-U001,1.0,,,BAC DE STOCKAGE EAU OSMOSEE
B7252T0022-REGLAG-GE,3.0,B7252T0022-REGLAG,2.0,ETIQUETEUSE OPERA 300 SACMI
B7272T0017-TRFILM-TF,3.0,B7272T0017-TRFILM,2.0,FARDELEUSE L3
B7858T0034,1.0,,,Silo  C24
B8638T0039-CIREAU,2.0,B8638T0039,1.0,Refroidisseurs CTA 2/2 TRANE-FIORINI
B6001T0016-UNIFER,2.0,B6001T0016,1.0,PRESSE D'INJECTION PREFORMES 02 HYPET 400
B7723T0002-SEE,2.0,B7723T0002,1.0,STACKER SMV4531
B8008R0003-202,2.0,B8008T0001,1.0,BASCULE BA1
BCH06-ETACOM-21,2.0,B3668T0201,1.0,"Compresseur 40Bars SIAD ""B"" TEMPO 1850 KC 10656 / 10B"
B6001T0016-EXTRUD-TR,3.0,B6001T0016-EXTRUD,2.0,PRESSE D'INJECTION PREFORMES 02 HYPET 400
B6010T0002,1.0,,,Presse n° 02
B6053T0012-ARMELE,2.0,B6053T0012,1.0,Secheur Piovan 03
B7754R0001-207,2.0,B7754T0007,1.0,TRANSPORTEUR A CHAINE        TC6B
B7759T0019-ARMELE,2.0,B7759T0019,1.0,CONVOYEUR MECANIQUE  GEBO
B3602R0033-A001,2.0,B3623T0052,1.0,GROUPE ELECTROPOMPE CENTRIFUGE P985E
B6001T0017,1.0,,,PRESSE D'INJECTION PREFORMES 03 HYPET 400
B7284T0020-C002,1.0,,,MAGASIN PALETTE
B7752T0006,1.0,,,CONVOYEUR A SUCRE HUMIDE A700
B7752T0075,1.0,,,TRANSPORTEUR A BANDE TB06
BRH-BAT-ELECTRICITE,2.0,BATIMENT-RAFF HUILE,1.0,BATIMENTS RAFFINERIE D HUILE
B3669R0001-A001,2.0,B3669T0002,1.0,COMPRESSEUR D'AIR PROCESS P920B
B4378R1100-F001,2.0,B6250T0034,1.0,LIGNE DE CONDITIONNEMENT EN SAC
BCH02-CHTOUR-01,3.0,BCH02-FOURIR-01,2.0,SOUFFLEUSE SBO10 - 710
B7254T0012-S002,2.0,B7254T0012,1.0,DATEUR JET D'ANCRE/A520I / K8204HN
BCH07-POMPE-01,4.0,BCH07-CIRHYD-01,3.0,"CENTRALE DE CLIMATISATION ""DCH"""
,,,,Groupe de production eau glacée FLASH-PASTO
ELKS_UAP2-DIV-BUR-BM,2.0,ELKS_UAP2-DIV-BUR,1.0,BUREAUX
B3971T0040-DISJ,2.0,B3971T0040,1.0,Tableau Général Basse Tension 02
B8516T0114,1.0,,,Cellule TFO 3150 KVA SM6-36 DM1-A MERLIN GERIN 02
B7284T0034,1.0,,,PALETTISEUR AUTOMATIQUE EMS MT 574
B3602R0020-A001,2.0,B3623T0042,1.0,GROUPE ELECTROPOMPE CENTRIFUGE P545
B3669T0018-B001,1.0,,,COMPRESSEUR  A VIS A930.1N (L37)
B7216T0011-ALBOUC-TB,4.0,B7216T0011-ALBOUC,3.0,REMPLISSEUSE Combi SF SELECT GL 90/15C SIDEL FILLING/BOUCHEUSE TOURELLE  T15 / 540 ZALKIN
B7216T0012-ALBOUC-TB,4.0,B7216T0012-ALBOUC,3.0,REMPLISSEUSE Combi SF SELECT GL 90/15C SIDEL FILLING/BOUCHEUSE TOURELLE  T15 / 540 ZALKIN
BCH03-EXTRAC-08,2.0,B7254T0172,1.0,DATEUR INDUSTRIEL GRAVURE LASER LIGNE 2L D320I BLEU / S2680369-1119-S10L
B7258T0001-DISDET,2.0,B7258T0001,1.0,CONTRÔLE BOUCHON / NIVEAU HEUFT Basic V3.4
B7723T0001-SCT,2.0,B7723T0001,1.0,PORTIQUE SUR PNEUS RTG
B4313R4603-B001,2.0,B3669T0003,1.0,COMPRESSEUR  A VIS D'AIR A983.1N (L110)
BCH11-UNIROB-01,2.0,B6001T0001,1.0,PRESSE D'INJECTION PREFORMES 7 G-LINE 300
B6046D0007,1.0,,,MOULE 72 EMPREINTES AVEC ACCESSOIRES POUR BOUCHON 30/25
B3608R0005,3.0,B6225T0001-S220,2.0,CUVES MATURATION
B6315T0003-S012,3.0,B6315T0003-S001,2.0,HOMOGENEISATEUR 2
B4600R3000-R040,2.0,B7103T0235,1.0,BAC LIQUEUR D ALIMENTATION INOX AISI 304L LSR1 / 1T004
BCH02-ROSOUF-01,2.0,B7214T0002,1.0,SOUFFLEUSE SBO10 - 710
B7752T0062-BS2,1.0,,,TRANSPORTEUR A BANDE A1001N
BEU-BAT-CHAUDR,1.0,,,CHAUDRONNERIE UNITE ENERGIE
B3623T0100,1.0,,,GROUPE ELECTROPOMPE POMPE A GAZ P250-A
B6010T0003,1.0,,,Presse n° 03
B7716T0012-SEM,2.0,B7716T0012,1.0,NACELLE 
B8009T0001,1.0,,,PONT BASCULE CAMION A
B8713T0008,1.0,,,LIGNE OSMOSE
B3677T0007,1.0,,,SECHEUR D'AIR COMPRIME PAR ABSORPTION 1- RS3000T
B8657T0038-S002-08,2.0,B8657T0038-S002,1.0,CIRCUIT  DIFFUSEUR D'AIR
B8657T0038-S005,1.0,,,CENTRALE DE TRAITEMENT D'AIR N°3(SDA)
B2027T3000-B001,1.0,,,ISOLATION
B3623R1002-B003,1.0,,,GROUPES ELECTRO-POMPES A GAZ P250-3N
B3624R0201-VANNES,2.0,B3624R0201,1.0,GROUPE ANTI-INCENDIE
BCH06-ARMGES-01,3.0,BCH06-SYSTGES-01,2.0,SYSTEME DE GESTION AIR COMPRESSEUR
BCH11-TRSMPL-01,3.0,BCH11-UNINJE-01,2.0,PRESSE D'INJECTION PREFORMES 7 G-LINE 300
B3623R8000-S001,2.0,B6225T0001-S011,1.0,GROUPE MOTOPOMPE VINAIGRE
B4600R3000-B046,2.0,B6510R0001-B002,1.0,TURBINE CONTINUE S854N
B7752T0022,1.0,,,TRANSPORTEUR A BANDE         TB16
B7752R0085-B001,2.0,B7752T0085,1.0,TRANSPORTEUR A BANDE TB18
B7752T0085,1.0,,,TRANSPORTEUR A BANDE TB18
B7761T0027,1.0,,,TRANSPORTEUR A VIS VR17
B3602R0234-B001,2.0,B3623R0501-B001,1.0,GROUPES ELECTRO-POMPES P45535
B4313R1043-B002,2.0,B3623R0611-B001,1.0,GROUPES ELECTRO-POMPES P876N
B3602R0236-B002,2.0,B3623T3000-B007,1.0,GROUPES ELECTRO-POMPESP45534
B4600R3000-B032,2.0,B6514T0012,1.0,TURBINE DISCONTINU S651N
B4600R3000-B033,2.0,B6514T0013,1.0,TURBINE DISCONTINU S652N
BS2_S655N_S7-313C,1.0,,,Automate Programmable: Turbine S855N
B4313R1035-B002,2.0,B3623R0056-B002,1.0,GROUPES ELECTRO-POMPES  P253 1N (Bac depoussierage)
B4600T0007-J02,1.0,,,ARMOIRE DE COMMANDE
B3527R0604-B001,2.0,B7103T0163,1.0,BAC DE MATURATION T256N
BCH09-SALSOUF-01,2.0,B9305T0005,1.0,BATIMENTS
B7766T0007,1.0,,,"CONVOYEUR ""SOFT DROP"" PI01"
B8602T0018-ALIEAU,2.0,B8602T0018,1.0,Chaudiére MIRA 5000 ECFERAL
LLK-AC-RLRB-CIREFE,2.0,LLK-AC-RLRB,1.0,Compresseur 7 bar RLR 150 AIR WORTHINGTON B
BCH06-ETACOM-17,2.0,B3668T0200,1.0,"Compresseur 40Bar SIAD ""A""  TEMPO 1850   KC 10656 / 10A"
B3971T0019-A0001,1.0,,,TABLEAU GENERAL BASSE TENSION TGBT4
BCH06-ETACOM-19,3.0,BCH06-ETACOM-17,2.0,"Compresseur 40Bar SIAD ""A""  TEMPO 1850   KC 10656 / 10A"
B6010T0006,1.0,,,Presse n° 06
B7714T0029,2.0,B6250T0017,1.0,SYSTEME DE STOCKAGE FLEUR DE CHAUX
B4600R3000-B029,2.0,B6533T0006,1.0,FILTRE PRESS S370N
B3601R0203-01,2.0,B7103T0059,1.0,BAC DE SOUDE - 24T21
B7228T0016,1.0,,,CONDITIONNEUSE B2 (COND B2)
B7272T0015-ARMELE,2.0,B7272T0015,1.0,FARDELEUSE TSM 4 SDI CERMEX-OC
B7752R0001,2.0,B7752T0005,1.0,TRANSPORTEUR A BANDE A101E
B7858T0031,1.0,,,Silo  C21
UPL-B7759T-001,1.0,,,Convoyeur Verseur 01L
B6001T0017-EXTRUD-TR,3.0,B6001T0017-EXTRUD,2.0,PRESSE D'INJECTION PREFORMES 03 HYPET 400
B6364T0003-ARMELE-CE,3.0,B6364T0003-ARMELE,2.0,PREMIX MIXER MAS - MIX 60 - 60
B6538T0007,1.0,,,STATION NEP WT
BCH03-ASCENS-02,3.0,BCH03-ASCENS-01,2.0,PALETTISEUR CERMEX P421  N°30751
B3503R0810-B017,2.0,B7761T0027,1.0,TRANSPORTEUR A VIS VR17
B8602T0007-INS,2.0,B8602T0007,1.0,CHAUDIERE LOOS N°02
B8673E0100-B001,2.0,B8673R0200-B001,1.0,MOTO-VENTILATEUR P752N
BEC-ADM-R3-ETAG3_ELC,1.0,,,INSTALLATIONS ELECTRIQUE 3E ETAGE R+3
B3652R-001,3.0,UPL-B8638T-001,2.0,Système Refroidissement Palette
BS2-CONSOMMABLE,2.0,B3500R3000,1.0,REPARATION MECANIQUE
B6240T0002,1.0,,,PRECHAUFFEUR
B6550T0016,1.0,,,COLONNE DE DECOLORATION C46204B
B7752T0061,1.0,,,TRANSPORTEUR A BANDE        TB17N
B7752R0100-B001,2.0,B7752T0100,1.0,TRANSPORTEUR A BANDE A103.1N
B8780R0037-01,2.0,B8780R0025,1.0,UNITE DE FLOTTATION A AIR DISSOUS DAF SEGHERS
B3609R0003-B003,2.0,B3623R1002-B003,1.0,GROUPES ELECTRO-POMPES A GAZ P250-3N
B4688R0019-B035,3.0,B4688R3000-B003,2.0,VANNERIE
B4688R0220-B003,3.0,B4688R3000-B026,2.0,VANNERIE
B4688R0220-B004,3.0,B4688R3000-B026,2.0,VANNERIE
B7867R0008-201,2.0,B7867T0001,1.0,tremie 1
B6305R0018-B002,2.0,B6305T0022,1.0,MALAXEUR DE COULEE M624N
B3624T1200,1.0,,,POMPE HAUTE PRESSION
B6040D0101,1.0,,,ROBOT IML 250gr  POUR MOULE BARQUETTE ET COUVERCLE
B6364T0003,1.0,,,PREMIX MIXER MAS - MIX 60 - 60
,,,,SOUFFLEUSE SBO 20 SIDEL
B7258T0005-DISEJE,2.0,B7258T0005,1.0,CONTRÔLE BOUCHON / NIVEAU HEUFT Basic V3.4
BCH04-PMOBIL-01,3.0,BCH04-ASCENS-01,2.0,PALETTISEUR CERMEX P432-10-37699
B8636T0039-CONDUI,2.0,B8636T0039,1.0,Tour de refroidissement BALTMORE AIRCOIL
B8636T0040-SECBAS,2.0,B8636T0040,1.0,Tour de refroidissement BALTMORE AIRCOIL
,,,,VMC  A(SDA)
B3527M0607,2.0,B6335T0006,1.0,FONDOIR M160E
,,,,CHAUDIERE BABCOCK3/ 05 T
B8780R0042,1.0,,,CUVE DE CASSAGE ACIDE -B1001
UPL-B6050T-003-UA,2.0,UPL-B6050T-003,1.0,Système d'Aspiration MORETTO Versseur 2L
B6010T0008,1.0,,,Presse n° 08
B4378R1101-F001,2.0,B6250T0013,1.0,SYSTÈME DE HYDRATATION
B4600R3000-R012,2.0,B7103T0240,1.0,BAC DE CONDENSAT INOX AISI 304L / 1T033
B7790T0051,1.0,,,QUAI DE CHARGEMENT N°04
B9719T2000,1.0,,,ELECTRICITE
B6010T0012,1.0,,,PRESSE PI12
B6053T0011,1.0,,,Secheur Piovan 02
,,,,Assembleuse 01 litre
B3602R0214-01,3.0,B3623R0214-01,2.0,BAC-DECANTEUR-682A
B7264T0001-S003,2.0,B7264T0001,1.0,ALIMENTATEUR BOUCHON E18.3147
,,,,PALANS
,,,,INSTALLATIONS ELECTRIQUE 3E ETAGE R+3
,,,,INSTALLATIONS ELECTRIQUE DATA-CENTER
B3602R0033-A003,2.0,B3623T0027,1.0,GROUPE ELECTROPOMPE CENTRIFUGE P4201-B
B6010T0013,1.0,,,PRESSE PI13
B7234T0001,2.0,B6250T0019,1.0,LIGNE DE CONDIONNEMENT EN BIG BAG
B3504R0600-F001,2.0,B6250T0064,1.0,SYSTÈME HYDRAULIQUE DECHARGE
BCH03-ENTRAI-03,3.0,BCH03-BRTOUR-01,2.0,BANDEROLEUSE  ROBOPAC HELIX HS30 N°4000090323
B8602T0018-BRULEU,2.0,B8602T0018,1.0,Chaudiére MIRA 5000 ECFERAL
B6335T0004,1.0,,,FONDOIR M160N
B7254T0063,1.0,,,DATEUR H4
B7752T0100,1.0,,,TRANSPORTEUR A BANDE A103.1N
B7867T0003,1.0,,,TREMIE D'ALIMENTATION  TR2
B8602T0007,1.0,,,CHAUDIERE LOOS N°02
,,,,INSTALLATIONS ELECTRIQUE 1ER ETAGE R+3
